,region,total,elementary_and_secondary_edu,higher_edu,public_welfare,health_and_hospitals,highways,police,all_other,population_thousands,year
0,New England,10298.382,2384.0928,827.52814,2475.59,471.54028,604.35364,349.03253,3186.245,14802.967,2017
1,Connecticut,9489.362,2618.4558,951.3179,1068.1165,699.3293,636.85156,329.7114,3185.5796,3573.88,2017
2,Maine,8702.747,1918.2332,585.9978,2394.2136,342.01907,740.2677,232.4864,2489.5298,1335.063,2017
3,Massachusetts,11303.453,2366.1592,807.50244,3241.7246,458.9397,557.8544,376.66492,3494.608,6863.246,2017
4,New Hampshire,8222.321,2201.6904,696.53876,1805.528,131.63383,561.10724,311.41003,2514.413,1349.767,2017
5,Rhode Island,10302.209,2376.163,655.3755,2934.107,281.84946,448.02014,429.6744,3177.02,1056.486,2017
6,Vermont,11774.26,2643.5354,1429.8611,2956.956,638.8823,996.772,349.96838,2758.2852,624.525,2017
7,Mideast,12024.87,2946.6963,829.0941,2900.4407,877.2694,646.88745,439.11035,3385.372,48947.367,2017
8,Delaware,11167.106,2144.1482,1518.1051,2621.6672,598.388,877.6986,395.95206,3011.1465,957.078,2017
9,District of Columbia,19053.123,3999.234,179.10538,5648.811,949.94183,654.21716,910.3208,6711.4927,695.691,2017
10,Maryland,10045.891,2273.5254,1041.7279,2191.213,359.22128,559.57275,443.0027,3177.6282,6024.891,2017
11,New Jersey,10481.909,3067.573,838.9727,1990.7007,614.20044,561.45233,400.77344,3008.236,8888.543,2017
12,New York,14381.448,3517.0334,723.80255,3591.1477,1228.8098,623.767,529.91003,4166.9775,19590.719,2017
13,Pennsylvania,10101.733,2309.026,867.13745,2680.169,782.5823,765.1317,302.4432,2395.244,12790.447,2017
14,Great Lakes,8883.507,1918.4648,930.2417,2028.7213,695.53107,589.4489,316.49335,2404.6057,46878.906,2017
15,Illinois,9168.394,2079.6025,719.5244,1773.4379,410.9636,731.05426,413.14188,3040.6687,12786.196,2017
16,Indiana,7961.109,1534.4764,965.04144,2093.6887,793.786,366.9144,200.14558,2007.0564,6660.082,2017
17,Michigan,8528.183,1747.504,1188.9293,1712.8999,946.04974,429.1207,255.29259,2248.3862,9976.447,2017
18,Ohio,9200.719,2086.8335,845.85486,2460.1743,738.7805,519.9723,326.81146,2222.2925,11664.129,2017
19,Wisconsin,9288.46,1959.6875,1079.7603,2192.6821,692.1467,948.80273,321.55777,2093.823,5792.051,2017
20,Plains,9328.505,2076.1855,999.09735,1863.2279,956.63873,759.6224,301.02133,2372.7114,21277.13,2017
21,Iowa,9864.476,2125.6423,1230.4052,1797.3262,1378.8416,874.5695,258.68637,2199.005,3143.637,2017
22,Kansas,9251.539,2070.3462,1199.414,1421.897,1456.519,660.81915,296.25253,2146.2908,2910.689,2017
23,Minnesota,10599.92,2335.5332,1022.482,2679.0537,585.6259,863.9235,355.6699,2757.6316,5568.155,2017
24,Missouri,7720.642,1708.0258,651.39526,1541.2374,1074.662,387.71182,296.20953,2061.4001,6108.612,2017
25,Nebraska,9176.602,2455.1895,1233.1163,1475.039,704.1592,820.76843,259.58203,2228.7466,1917.575,2017
26,North Dakota,12842.03,2393.344,1473.7292,2033.5645,362.056,2296.5032,306.57886,3976.2544,755.176,2017
27,South Dakota,8091.174,1732.769,857.5415,1327.0532,379.29498,1148.3363,240.7138,2405.465,873.286,2017
28,Southeast,7894.146,1623.1667,765.9952,1639.2817,922.4408,505.2814,308.93646,2129.0437,83665.41,2017
29,Alabama,8515.596,1611.083,1048.5795,1740.2987,1466.9906,519.59235,261.42453,1867.6274,4875.12,2017
30,Arkansas,8226.196,1709.0946,877.43646,2476.739,509.96722,690.9338,223.56966,1738.4556,3002.997,2017
31,Florida,7345.8115,1351.4855,524.8708,1338.685,727.93976,537.31287,405.6585,2459.859,20976.812,2017
32,Georgia,6871.524,1908.076,577.4867,1167.5707,678.2637,418.0442,262.10513,1859.9773,10413.055,2017
33,Kentucky,8846.789,1643.9633,1005.7655,2570.0095,764.6871,528.81067,186.2024,2147.3506,4453.874,2017
34,Louisiana,9144.696,1730.8975,744.6304,2421.2073,697.82764,514.82587,352.2719,2683.0361,4670.818,2017
35,Mississippi,8748.185,1545.6967,1010.2677,2130.454,1458.9678,578.4675,256.63895,1767.6919,2989.663,2017
36,North Carolina,7847.789,1464.7849,990.6826,1472.5679,1347.9984,473.83942,312.69055,1785.2251,10270.8,2017
37,South Carolina,8614.089,1796.0465,884.95044,1589.806,1621.118,456.6393,261.44388,2004.085,5021.219,2017
38,Tennessee,6918.303,1459.0342,559.2427,1745.4194,717.88837,333.71393,295.0502,1807.9543,6708.794,2017
39,Virginia,8704.952,2081.2544,968.5533,1420.82,893.6222,582.00006,297.96518,2460.7368,8465.207,2017
40,West Virginia,9011.908,1706.1884,973.8136,2763.152,422.44785,675.7648,217.16653,2253.3748,1817.048,2017
41,Southwest,7850.4224,1792.3724,1047.4596,1581.7722,738.33856,524.48346,300.72156,1865.2747,41397.63,2017
42,Arizona,6838.154,1169.5247,858.55817,2057.8054,225.75684,357.11368,354.95206,1814.443,7048.876,2017
43,New Mexico,10206.75,1774.0613,1279.9797,2886.4148,872.9676,431.7021,337.2942,2624.3303,2093.395,2017
44,Oklahoma,7458.405,1462.9371,1043.2502,1722.5347,581.5943,660.0528,265.99054,1722.045,3932.64,2017
45,Texas,7982.6235,1994.4808,1077.8712,1347.3243,877.7218,554.1717,289.3441,1841.7095,28322.717,2017
46,Rocky Mountain,8805.034,1744.0308,1162.7631,1481.9921,790.7941,621.8995,297.478,2706.0767,12069.948,2017
47,Colorado,8959.319,1771.6976,1148.8546,1487.1917,646.98157,582.1044,330.23672,2992.253,5615.902,2017
48,Idaho,6765.9355,1282.5836,655.5439,1467.4258,543.103,514.32544,263.86057,2039.0935,1718.904,2017
49,Montana,8967.155,1770.24,923.0512,2121.0059,494.05844,802.03687,299.37708,2557.3865,1053.09,2017
50,Utah,8378.567,1650.8127,1473.6115,1261.7928,928.2132,589.5071,239.48042,2235.15,3103.118,2017
51,Wyoming,15353.643,3297.7058,1573.5334,1492.7073,2724.4453,1173.2771,386.93356,4705.0405,578.934,2017
52,Far West [2],11062.653,2063.984,1023.5811,2571.034,1277.3535,446.32446,442.45178,3237.924,53943.777,2017
53,California,11560.316,2116.1968,1052.7169,2839.9797,1335.0837,394.2292,486.55606,3335.5537,39399.348,2017
54,Nevada,7383.7427,1558.2483,504.10794,1317.044,495.44293,682.8215,426.90247,2399.1758,2972.405,2017
55,Oregon,10807.363,1828.4456,1151.9506,2530.861,1049.2155,511.74338,330.98724,3404.1594,4146.592,2017
56,Washington,10037.281,2120.9214,1005.2467,1668.4135,1411.4352,591.5401,276.90402,2962.8206,7425.432,2017
57,Alaska,17198.201,3172.3457,1145.3907,3483.2695,917.98706,1909.4034,493.79822,6076.0073,739.786,2017
58,Hawaii,9834.08,1452.5577,847.2198,2166.6245,850.0965,423.07242,338.36258,3756.1472,1424.203,2017
59,New England,10166.543,2323.2937,807.2856,2439.5945,455.0194,622.9077,345.27405,3173.1675,14759.146,2016
60,Connecticut,9717.145,2636.658,940.9407,1076.933,657.802,718.70447,349.1053,3337.0012,3578.674,2016
61,Maine,8535.83,1821.1759,610.7701,2385.2324,337.0348,756.2278,217.78319,2407.6057,1331.37,2016
62,Massachusetts,11026.784,2268.1067,760.98114,3202.337,443.93454,563.29047,368.50964,3419.6245,6826.022,2016
63,New Hampshire,8039.1655,2178.2664,733.9152,1683.0054,147.72198,533.7965,293.35513,2469.105,1342.373,2016
64,Rhode Island,10045.256,2284.4011,645.952,2818.3835,281.0911,427.3596,415.5022,3172.566,1057.063,2016
65,Vermont,11595.635,2579.1719,1398.0588,3013.0364,620.84296,964.3723,333.85553,2686.297,623.644,2016
66,Mideast,11551.579,2834.514,813.6978,2665.0432,862.3127,643.1977,424.76947,3308.0447,48940.125,2016
67,Delaware,10470.541,2054.0342,1330.3538,2545.7346,596.18884,617.4559,373.3818,2953.392,949.216,2016
68,District of Columbia,18600.328,3796.8599,231.5013,5513.5464,1056.6377,516.80005,864.21,6620.7725,686.575,2016
69,Maryland,9758.522,2138.7317,1057.4559,2030.2034,387.54544,564.555,442.21103,3137.8196,6004.692,2016
70,New Jersey,10443.683,3040.8374,787.3292,1892.6556,628.1834,549.2999,396.48834,3148.889,8874.516,2016
71,New York,13698.36,3365.5413,728.14545,3314.13,1189.3324,596.18445,505.22388,3999.8025,19641.59,2016
72,Pennsylvania,9566.156,2208.4617,841.85925,2358.0103,754.7226,826.2576,292.80814,2284.0369,12783.538,2016
73,Great Lakes,8545.942,1873.2133,929.9993,1957.2727,677.2515,551.0072,310.05408,2247.1445,46820.09,2016
74,Illinois,8690.717,2068.8933,740.2278,1659.0809,390.55975,741.5354,405.43054,2684.9888,12826.895,2016
75,Indiana,7815.371,1502.6278,970.0302,1924.6887,913.0428,408.1085,188.98402,1907.889,6633.344,2016
76,Michigan,8302.517,1703.3108,1177.6569,1700.9019,904.4031,385.20642,252.12054,2178.9172,9951.89,2016
77,Ohio,8860.806,1990.8657,824.9664,2442.1013,683.62244,511.35474,314.5023,2093.3923,11635.003,2016
78,Wisconsin,8848.776,1920.0201,1090.409,2122.077,638.8945,657.6074,328.15726,2091.6108,5772.958,2016
79,Plains,9062.734,2012.101,986.76074,1876.7128,867.1676,771.3668,291.1514,2257.474,21176.826,2016
80,Iowa,9759.54,2102.4285,1251.2468,1959.0029,1262.7096,826.0657,248.72237,2109.3645,3131.785,2016
81,Kansas,8658.741,1940.122,1188.2568,1376.158,1149.8514,683.5865,270.89755,2049.8694,2911.263,2016
82,Minnesota,10243.411,2214.2068,920.1495,2758.752,595.16595,900.7787,345.49045,2508.868,5523.409,2016
83,Missouri,7546.249,1694.1195,641.22504,1504.5559,997.11066,385.7703,295.6261,2027.8419,6087.203,2016
84,Nebraska,9000.509,2377.0513,1275.8557,1339.1656,626.8713,832.23883,258.77264,2290.553,1905.924,2016
85,North Dakota,12576.966,2483.475,1617.3993,2031.0518,306.4613,2386.9,259.52835,3492.1501,754.353,2016
86,South Dakota,8102.3667,1658.4292,1021.0965,1298.6116,323.20923,1214.0157,233.24641,2353.7578,862.89,2016
87,Southeast,7667.1514,1572.648,753.6507,1564.7017,914.36017,491.25375,294.91708,2075.62,82896.445,2016
88,Alabama,8260.738,1582.9448,1003.4174,1727.6112,1393.8221,496.42828,256.8595,1799.6549,4864.745,2016
89,Arkansas,7957.7725,1701.518,906.7011,2312.3235,481.4079,587.6458,227.52666,1740.6499,2990.41,2016
90,Florida,7048.218,1326.3696,523.4403,1281.6836,675.7946,500.22906,381.46927,2359.2314,20629.982,2016
91,Georgia,6666.7744,1835.739,555.21686,1142.9604,679.78937,401.24844,258.83527,1792.985,10304.763,2016
92,Kentucky,8768.528,1605.5249,985.9212,2525.6064,735.88696,623.36487,171.68785,2120.5366,4438.229,2016
93,Louisiana,8682.037,1695.0127,753.3198,1915.9312,741.4031,511.7219,341.81583,2722.8328,4678.215,2016
94,Mississippi,8643.569,1533.0543,1061.3557,2068.2185,1428.0236,559.1132,253.288,1740.5157,2988.298,2016
95,North Carolina,7760.85,1399.095,953.90607,1405.8883,1497.5504,426.6364,301.14243,1776.6313,10156.679,2016
96,South Carolina,8219.447,1736.8215,840.513,1529.0848,1575.4235,372.0092,249.58154,1916.0142,4958.235,2016
97,Tennessee,6778.719,1403.4877,557.53394,1759.2156,682.6872,335.3054,272.4635,1768.0258,6645.011,2016
98,Virginia,8474.587,1953.1072,948.2177,1369.5343,868.6596,663.4474,281.5801,2390.0403,8410.946,2016
99,West Virginia,8862.686,1685.6405,958.23157,2592.8657,417.4367,698.54047,211.7701,2298.2004,1830.929,2016
100,Southwest,7615.8516,1723.1616,989.8171,1552.3904,719.8472,486.4599,285.41418,1858.7614,40902.504,2016
101,Arizona,6601.8657,1128.8875,858.72424,1862.7977,270.69556,352.05643,326.4251,1802.2792,6945.452,2016
102,New Mexico,10460.955,1748.0381,1231.1327,2999.685,1055.7792,466.76562,328.3924,2631.162,2092.789,2016
103,Oklahoma,7466.1396,1503.2634,1027.9847,1696.2104,564.75793,660.78674,261.3263,1751.8099,3926.769,2016
104,Texas,7675.8525,1899.9467,998.96606,1346.5898,828.1435,496.84622,275.38477,1829.9755,27937.492,2016
105,Rocky Mountain,8419.553,1692.4066,1121.8926,1461.0626,739.40063,592.42456,290.38632,2521.9797,11891.617,2016
106,Colorado,8552.425,1697.8733,1081.8285,1541.9337,577.2114,537.8295,330.1536,2785.5947,5540.921,2016
107,Idaho,6541.718,1216.1451,657.93524,1450.1887,573.39874,500.28046,255.96548,1887.804,1682.93,2016
108,Montana,8364.768,1766.9924,902.3781,1701.1049,491.05597,833.859,282.79803,2386.579,1040.863,2016
109,Utah,7868.016,1583.0863,1446.8169,1237.7742,818.5882,511.74008,218.62294,2051.3875,3042.613,2016
110,Wyoming,15537.887,3448.743,1537.2094,1460.5983,2785.6492,1365.6198,399.62518,4540.4424,584.29,2016
111,Far West [2],10820.246,1957.8217,998.5489,2598.109,1166.5028,470.72995,413.87494,3214.6587,53514.984,2016
112,California,11346.762,2002.7865,1018.1791,2892.856,1221.1526,437.13632,447.80057,3326.8506,39209.13,2016
113,Nevada,6945.492,1447.0469,482.55927,1222.3817,446.47665,592.6268,404.41788,2349.9832,2919.772,2016
114,Oregon,10642.424,1746.4443,1224.0931,2508.6362,1018.1823,511.48187,321.5334,3312.0532,4091.404,2016
115,Washington,9640.854,2039.1342,973.0639,1614.6663,1244.1458,579.6497,287.10086,2903.093,7294.68,2016
116,Alaska,18398.336,3191.6025,1473.9786,3019.366,952.87683,2144.5183,496.51788,7119.4746,741.504,2016
117,Hawaii,9598.971,1486.0966,777.426,1989.5378,818.0099,511.06046,320.59198,3696.2478,1428.105,2016
118,New England,9789.295,2296.2473,772.0286,2247.7034,428.64426,613.0785,332.757,3098.8362,14729.548,2015
119,Connecticut,9366.493,2557.0388,870.3072,1045.7345,637.7113,656.7183,326.85492,3272.1282,3587.509,2015
120,Maine,8174.4946,1783.3794,593.1904,2299.9404,325.73822,670.67426,199.6953,2301.8765,1328.484,2015
121,Massachusetts,10605.564,2279.402,757.9015,2901.6858,405.26343,582.3176,357.0275,3321.9663,6795.891,2015
122,New Hampshire,7620.8545,2136.7722,675.0565,1408.6646,132.4469,540.9528,299.98862,2426.9727,1336.294,2015
123,Rhode Island,9896.761,2220.6892,612.7273,2772.8193,265.17435,420.35443,396.51175,3208.484,1056.173,2015
124,Vermont,11227.149,2541.1797,1218.0449,2831.3188,611.0378,1054.3877,347.88235,2623.2979,625.197,2015
125,Mideast,11102.433,2745.7422,770.8777,2485.3047,798.24493,617.6424,412.58118,3272.0398,48921.42,2015
126,Delaware,10101.519,1999.352,1362.8429,2422.5203,588.2678,497.1633,383.05716,2848.3152,941.413,2015
127,District of Columbia,18346.277,3770.738,263.89328,5277.3813,1110.5569,695.8433,865.84753,6362.0166,675.254,2015
128,Maryland,9690.181,2128.484,993.5923,2061.639,377.8261,573.6461,430.0913,3124.9023,5986.717,2015
129,New Jersey,10223.489,2963.8176,723.05566,1838.1652,632.19727,571.0281,383.05356,3112.1711,8870.869,2015
130,New York,13115.964,3242.2258,698.0132,3069.4548,1087.9349,560.38153,486.7096,3971.2437,19661.41,2015
131,Pennsylvania,8968.319,2120.8123,795.0116,2091.553,663.7975,763.3786,289.11282,2244.6533,12785.759,2015
132,Great Lakes,8432.267,1837.1632,898.2912,1880.82,656.3624,546.9394,296.73633,2315.954,46784.47,2015
133,Illinois,8974.531,2046.749,751.5357,1728.6935,378.4335,689.12317,389.42273,2990.5735,12864.342,2015
134,Indiana,7422.4243,1477.7518,887.0874,1753.7644,859.3282,413.75766,181.79466,1848.9406,6608.296,2015
135,Michigan,8031.298,1684.4117,1110.2957,1648.9879,860.11456,367.39847,245.08644,2115.0032,9932.573,2015
136,Ohio,8539.028,1916.7463,813.21545,2253.4219,674.6611,504.90512,294.28897,2081.7903,11617.85,2015
137,Wisconsin,8855.731,1884.2947,1044.8875,2014.5513,655.9701,776.5108,315.59778,2163.919,5761.406,2015
138,Plains,8704.577,1941.6855,942.8368,1768.7205,829.8221,732.21594,281.80377,2207.4924,21084.672,2015
139,Iowa,9575.103,2050.666,1263.7413,1870.5397,1226.6536,851.31476,238.7085,2073.4788,3121.46,2015
140,Kansas,8386.843,1944.0842,1134.05,1325.2711,1005.8223,655.8342,270.3047,2051.4763,2909.502,2015
141,Minnesota,9523.832,2081.8965,855.81696,2474.373,568.7895,803.26666,335.68463,2404.0051,5482.503,2015
142,Missouri,7383.7466,1670.6273,650.302,1468.5763,948.1032,396.18875,283.0015,1966.9478,6071.745,2015
143,Nebraska,8739.229,2210.945,1160.3679,1353.5186,718.94684,766.58875,245.79343,2283.0679,1891.507,2015
144,North Dakota,11959.819,2286.5474,1463.46,1912.2491,306.812,2241.319,253.5125,3495.9192,754.022,2015
145,South Dakota,7785.5884,1661.3293,815.4668,1304.0227,321.88474,1081.5322,228.81186,2372.541,853.933,2015
146,Southeast,7534.897,1552.9276,733.80096,1550.7299,864.3995,471.0626,288.59802,2073.3784,82037.516,2015
147,Alabama,8299.129,1544.7458,1002.097,1678.5247,1270.9249,491.96298,255.3462,2055.5273,4853.16,2015
148,Arkansas,7772.802,1685.9039,860.1289,2213.0452,469.51978,574.768,227.46925,1741.9668,2978.407,2015
149,Florida,7057.3276,1317.424,509.53036,1332.9758,673.4328,517.4511,372.31485,2334.1985,20224.248,2015
150,Georgia,6495.021,1792.13,528.9661,1152.872,693.04626,313.11572,250.25146,1764.6396,10181.111,2015
151,Kentucky,8481.528,1548.554,901.5838,2459.8984,673.9755,659.1434,174.31296,2064.0603,4425.999,2015
152,Louisiana,8509.075,1694.5774,659.2457,1817.3633,762.0846,489.6806,327.62054,2758.5032,4664.851,2015
153,Mississippi,8393.285,1491.4951,951.7622,1956.3796,1353.046,540.0598,244.03677,1856.5062,2988.693,2015
154,North Carolina,7554.413,1382.5269,959.3767,1453.3293,1297.5582,412.5589,298.4305,1750.6323,10033.079,2015
155,South Carolina,7991.2456,1681.7327,827.2236,1558.2361,1478.9485,322.9518,235.15363,1886.9993,4892.253,2015
156,Tennessee,6675.8555,1395.3644,593.79895,1646.037,639.9035,335.56128,274.47696,1790.7134,6590.808,2015
157,Virginia,8246.832,1952.5476,947.7771,1301.3177,826.1541,603.3456,278.06168,2337.6282,8362.907,2015
158,West Virginia,8516.424,1710.0151,901.8652,2516.9197,384.80865,597.2548,202.66495,2202.8958,1841.996,2015
159,Southwest,7358.4424,1677.176,973.3615,1438.5643,708.6508,459.6225,274.9283,1826.1389,40320.453,2015
160,Arizona,6070.9277,1131.575,806.1886,1479.6362,271.9662,327.10434,309.2451,1745.2122,6833.596,2015
161,New Mexico,10325.049,1806.778,1226.9249,2773.879,1050.9432,515.5834,323.99744,2626.9438,2090.211,2015
162,Oklahoma,7340.1885,1514.2657,915.72015,1707.2861,545.9709,664.22797,252.42165,1740.2961,3909.831,2015
163,Texas,7455.5396,1826.1373,1003.8401,1288.5864,814.32745,459.20895,265.86673,1797.5725,27486.814,2015
164,Rocky Mountain,8190.8125,1637.4922,1028.1644,1405.0168,695.4633,608.8626,291.69818,2524.1147,11702.298,2015
165,Colorado,8265.423,1664.9539,986.80365,1461.7013,548.4966,539.6017,326.30945,2737.556,5452.107,2015
166,Idaho,6814.9297,1197.6877,633.5134,1543.5898,621.8775,534.8439,244.95027,2038.4669,1651.523,2015
167,Montana,8013.11,1714.1726,836.29645,1473.034,477.99957,875.8898,310.57455,2325.1433,1030.503,2015
168,Utah,7563.739,1481.008,1324.7272,1201.191,702.1013,531.19183,230.52563,2092.994,2982.497,2015
169,Wyoming,14882.123,3284.0176,1353.4357,1404.8658,2619.9434,1388.0458,379.62463,4452.1895,585.668,2015
170,Far West [2],10134.559,1812.7023,934.3076,2400.0957,1111.3287,456.90356,393.7824,3025.439,53002.27,2015
171,California,10540.298,1849.7758,955.03796,2628.0046,1163.4719,425.19907,424.49014,3094.3186,38953.14,2015
172,Nevada,6823.706,1436.545,511.65384,1171.6969,444.77084,493.65036,391.7427,2373.646,2868.666,2015
173,Oregon,10138.731,1655.6776,1065.4825,2471.5813,930.02997,512.40405,302.72937,3200.826,4016.918,2015
174,Washington,9251.778,1849.7921,917.28,1612.628,1196.3778,583.4659,278.67746,2813.5571,7163.543,2015
175,Alaska,20072.26,3594.5315,1173.0955,2729.4775,987.83264,2160.7246,535.6391,8890.959,737.547,2015
176,Hawaii,9179.966,1387.5208,760.8648,1853.4135,831.2719,490.6832,320.60678,3535.6045,1422.484,2015
177,New England,9734.373,2245.319,744.18616,2334.521,396.0519,578.63306,337.36746,3098.2947,14703.653,2014
178,Connecticut,9964.011,2471.67,809.27167,1903.367,603.0803,631.55634,316.28946,3228.776,3594.783,2014
179,Maine,8528.917,1725.0383,606.8314,2644.059,365.4205,645.2621,197.48114,2344.824,1330.76,2014
180,Massachusetts,10290.795,2251.6887,732.669,2683.3022,350.22632,519.46967,378.3981,3375.0408,6763.652,2014
181,New Hampshire,7315.9814,2069.2166,640.35046,1155.6506,122.14986,588.43945,299.1615,2441.0132,1333.223,2014
182,Rhode Island,9314.185,2168.787,616.0867,2402.8345,268.30438,450.40656,375.3898,3032.3755,1056.017,2014
183,Vermont,10827.142,2487.1677,1224.7024,2779.9775,566.4968,968.22705,329.6802,2470.8901,625.218,2014
184,Mideast,10772.919,2664.9492,784.3915,2293.8425,802.8681,578.95325,403.885,3244.0298,48865.484,2014
185,Delaware,10082.803,2046.2194,1315.3423,2243.6082,603.36523,533.73376,367.94925,2972.5852,932.596,2014
186,District of Columbia,17793.143,3666.2542,227.97893,4926.293,981.466,605.06287,912.64624,6473.4414,662.513,2014
187,Maryland,9275.276,2106.352,1025.4644,1864.6736,372.81528,519.6899,406.4745,2979.8062,5958.165,2014
188,New Jersey,9979.201,2944.0144,687.84283,1599.8774,689.16516,583.5857,387.37943,3087.3362,8866.78,2014
189,New York,12724.108,3109.1245,761.8814,2786.849,1089.1335,536.49963,477.52277,3963.0967,19656.33,2014
190,Pennsylvania,8708.688,2042.2777,763.72205,2084.4775,647.369,670.5455,277.209,2223.0876,12789.101,2014
191,Great Lakes,8115.573,1794.9397,894.3611,1692.8469,647.4622,502.8639,290.31287,2292.7866,46768.03,2014
192,Illinois,8585.818,2009.3232,731.21436,1592.8774,335.8238,603.7814,382.8295,2929.9685,12888.962,2014
193,Indiana,7276.8013,1459.4584,880.8975,1624.2332,923.84735,378.4317,182.21263,1827.7207,6593.533,2014
194,Michigan,7688.0786,1645.7537,1109.2551,1398.4854,855.4106,348.18216,241.46774,2089.524,9930.589,2014
195,Ohio,8182.62,1851.2795,814.8892,1975.2169,672.8667,464.91342,282.6219,2120.8323,11602.973,2014
196,Wisconsin,8626.151,1843.0308,1064.6764,1934.1139,618.69385,762.9737,306.7627,2095.8997,5751.974,2014
197,Plains,8396.221,1860.5045,907.268,1675.9213,806.1466,703.14124,272.63904,2170.6,20984.207,2014
198,Iowa,9145.558,1987.9952,1217.9219,1670.8218,1196.7323,781.58734,233.57777,2056.921,3109.504,2014
199,Kansas,8195.239,1874.6932,1060.3993,1261.1559,1038.324,614.052,260.71048,2085.9048,2900.896,2014
200,Minnesota,9251.651,1970.1599,857.83954,2368.9526,578.37024,772.99695,319.29285,2384.039,5451.522,2014
201,Missouri,7163.3604,1639.4648,621.01373,1419.3517,866.3351,400.69626,282.03143,1934.4673,6056.293,2014
202,Nebraska,8259.317,2082.7317,1088.1926,1392.0986,680.71454,683.71106,236.16217,2095.7063,1879.522,2014
203,North Dakota,11081.924,2064.1091,1375.7659,1563.9194,292.11725,2276.645,223.61273,3285.7542,737.382,2014
204,South Dakota,7610.734,1548.9749,798.1976,1217.6312,339.70096,1105.492,213.23114,2387.5063,849.088,2014
205,Southeast,7368.7095,1527.3947,722.72723,1446.6337,861.1212,463.62717,279.2574,2067.948,81248.95,2014
206,Alabama,8184.217,1554.4819,971.8603,1621.8792,1257.1042,471.34537,241.4058,2066.1401,4842.481,2014
207,Arkansas,7378.557,1643.4257,889.3611,1879.9677,446.60995,556.9908,217.50458,1744.6975,2967.726,2014
208,Florida,6929.002,1297.8525,500.22623,1277.4417,659.85205,504.52817,364.68164,2324.4197,19860.33,2014
209,Georgia,6502.3975,1728.9784,608.30176,1121.3932,679.6044,340.91605,238.67323,1784.5306,10069.001,2014
210,Kentucky,7700.3594,1524.0024,842.45154,1881.3447,620.2169,618.6135,181.66272,2032.0674,4414.483,2014
211,Louisiana,8661.102,1659.2848,661.34174,1746.7687,1027.682,465.78595,305.95016,2794.288,4644.204,2014
212,Mississippi,8053.6704,1472.6158,918.0007,1819.4684,1324.1669,530.6834,231.79953,1756.9355,2990.623,2014
213,North Carolina,7477.244,1339.9907,933.34216,1377.5941,1315.565,421.25888,283.86078,1805.6324,9933.944,2014
214,South Carolina,7671.9277,1641.1842,785.4381,1414.0242,1433.6921,315.1072,228.64394,1853.838,4823.793,2014
215,Tennessee,6584.6455,1408.0197,577.20245,1578.0236,616.5608,363.78433,272.75775,1768.2968,6540.826,2014
216,Virginia,8022.413,1932.8228,877.3903,1329.0968,765.7716,541.22076,269.38843,2306.7222,8312.076,2014
217,West Virginia,7972.4644,1713.0817,892.6496,2005.288,406.13214,657.9923,198.37122,2098.9497,1849.467,2014
218,Southwest,7218.487,1635.2549,960.4864,1323.9542,738.8014,455.06583,269.50937,1835.4146,39679.69,2014
219,Arizona,6451.025,1183.5292,752.11273,1322.7689,588.6888,303.79813,303.37326,1996.754,6733.84,2014
220,New Mexico,8904.101,1677.9344,1148.2834,2060.855,852.09644,512.5501,324.0001,2328.3806,2090.342,2014
221,Oklahoma,7397.0063,1528.4185,923.02325,1724.3667,592.71985,620.5761,255.80328,1752.0985,3878.367,2014
222,Texas,7253.7793,1760.0638,1003.3334,1209.5856,788.4941,464.57538,258.8047,1768.9222,26977.143,2014
223,Rocky Mountain,8002.1353,1605.2335,984.4139,1298.7938,772.826,569.1096,296.79376,2474.9646,11524.535,2014
224,Colorado,8153.9136,1642.2845,944.9389,1262.9908,767.65906,515.47534,329.33868,2691.2263,5351.218,2014
225,Idaho,6775.9546,1201.1819,626.4359,1517.5427,611.5151,541.1219,252.6499,2025.5074,1631.479,2014
226,Montana,7912.282,1684.1053,815.9941,1441.6498,470.89758,866.95746,303.87878,2328.7993,1021.891,2014
227,Utah,7243.6714,1453.7646,1245.9628,1170.207,648.94415,432.94833,244.80399,2047.0403,2937.399,2014
228,Wyoming,14023.988,3021.871,1326.198,1412.8329,2426.3425,1304.2633,371.19,4161.2896,582.548,2014
229,Far West [2],9327.802,1693.408,915.7535,1797.6727,1051.0742,482.99448,383.46747,3003.4316,52460.695,2014
230,California,9618.187,1715.6472,934.3828,1919.9318,1090.2162,462.55682,411.7691,3083.6824,38625.14,2014
231,Nevada,6384.918,1410.1068,466.96326,840.17737,461.61316,438.77466,395.24628,2372.0366,2819.012,2014
232,Oregon,9648.714,1549.7758,1098.1578,1993.6722,975.23553,530.7328,298.099,3203.041,3964.106,2014
233,Washington,8733.363,1765.5828,890.5868,1400.6407,1114.948,585.771,271.74017,2704.094,7052.439,2014
234,Alaska,19586.48,3383.1147,1262.5319,2762.0083,884.1054,2186.6587,504.95648,8603.105,736.307,2014
235,Hawaii,9481.196,1502.6696,801.22723,1931.992,900.914,527.26276,318.86642,3498.2642,1414.862,2014
236,New England,9320.879,2195.715,726.32416,2147.2083,387.00427,541.8815,311.6692,3011.0767,14644.797,2013
237,Connecticut,9429.97,2406.1167,726.0155,1729.546,575.0136,600.27875,311.7523,3081.2463,3594.915,2013
238,Maine,8253.356,1684.8477,596.0581,2294.157,370.81198,691.8738,193.3186,2422.2893,1328.196,2013
239,Massachusetts,9845.226,2201.4597,740.3748,2506.0767,351.56415,452.9996,335.29636,3257.454,6713.944,2013
240,New Hampshire,7277.169,2026.976,638.2161,1113.018,117.18943,600.43365,275.45822,2505.8774,1326.408,2013
241,Rhode Island,8860.242,2155.473,625.52386,2126.355,262.38293,424.8542,350.04105,2915.6118,1055.122,2013
242,Vermont,10442.064,2435.0315,1210.2133,2611.3042,503.49402,914.6136,320.94083,2446.467,626.212,2013
243,Mideast,10493.877,2589.166,739.44507,2295.46,777.81964,571.11993,395.22522,3125.6414,48760.8,2013
244,Delaware,9942.113,2000.1732,1355.8062,2088.2964,593.61566,618.4414,354.32495,2931.4558,923.638,2013
245,District of Columbia,17767.795,3639.4192,244.00282,4907.749,1047.4102,980.38226,860.60626,6088.2246,650.431,2013
246,Maryland,8854.199,2043.9983,945.3175,1736.8278,372.38727,480.32666,391.59317,2883.748,5923.704,2013
247,New Jersey,9597.1045,2811.615,670.59125,1546.704,640.9597,570.88385,388.62738,2967.7236,8858.362,2013
248,New York,12450.795,3007.8777,688.3788,2944.5557,1063.1353,502.06665,474.2937,3770.4875,19628.043,2013
249,Pennsylvania,8539.126,2033.5646,750.8482,1958.4124,621.9581,695.2058,259.28006,2219.8564,12776.621,2013
250,Great Lakes,7895.0527,1772.0299,881.0746,1608.7689,621.55994,482.60977,291.2512,2237.7583,46693.51,2013
251,Illinois,8374.377,1938.884,711.60284,1565.4856,349.21143,564.91284,375.77545,2868.5051,12898.269,2013
252,Indiana,7075.478,1461.554,895.94855,1653.2185,717.5803,386.5594,178.24156,1782.3754,6568.367,2013
253,Michigan,7538.1626,1658.9705,1057.2664,1337.759,866.36456,342.9391,255.9232,2018.94,9913.349,2013
254,Ohio,7966.4644,1852.6447,842.5023,1828.2748,660.6882,440.87994,279.77582,2061.6985,11576.576,2013
255,Wisconsin,8228.346,1785.0582,1018.4436,1680.5502,621.9646,733.09467,314.80655,2074.4275,5736.952,2013
256,Plains,8132.0435,1802.659,898.1701,1568.1396,795.2639,668.04565,265.13403,2134.6316,20870.621,2013
257,Iowa,8824.796,1927.3649,1148.5333,1566.9944,1146.4001,713.0211,223.4538,2099.0278,3093.078,2013
258,Kansas,7806.278,1778.4912,1055.3352,1092.0923,1013.2676,594.9971,275.16547,1996.929,2893.51,2013
259,Minnesota,8810.254,1911.1663,858.60815,2183.412,566.8733,708.03406,305.8563,2276.304,5413.693,2013
260,Missouri,7174.076,1593.6943,636.14856,1382.3441,876.1236,428.6702,270.48294,1986.6124,6040.658,2013
261,Nebraska,8083.792,2043.2548,1080.1206,1334.515,680.4146,705.12714,227.56181,2012.7982,1865.414,2013
262,North Dakota,10298.117,1994.374,1358.6224,1449.4135,297.48932,1849.2754,217.26207,3131.6802,721.999,2013
263,South Dakota,7468.4937,1531.7677,774.6328,1204.7728,325.981,1118.893,207.8799,2304.5662,842.27,2013
264,Southeast,7285.2993,1507.7524,730.2101,1392.0862,830.98804,435.9212,277.40784,2110.9336,80552.805,2013
265,Alabama,8173.8013,1542.0411,1030.4084,1600.3354,1250.5284,484.94553,240.83028,2024.7122,4830.46,2013
266,Arkansas,7100.23,1659.0573,880.93115,1726.457,432.8234,520.7307,216.35931,1663.8711,2959.549,2013
267,Florida,6822.379,1260.2712,487.2305,1214.7418,644.8588,418.4471,365.86768,2430.962,19563.166,2013
268,Georgia,6501.0176,1709.0573,631.4796,1093.6233,666.5583,327.98907,236.53955,1835.7706,9973.326,2013
269,Kentucky,7369.662,1559.961,858.7623,1595.4935,594.5938,572.2031,178.88052,2009.768,4404.817,2013
270,Louisiana,8799.284,1631.1788,657.1929,1581.1656,1092.8057,540.3891,322.72552,2973.8262,4624.577,2013
271,Mississippi,7987.3477,1441.8584,860.7972,1814.7476,1334.4941,549.6867,225.36057,1760.4033,2988.797,2013
272,North Carolina,7562.1196,1363.5217,940.04755,1431.5184,1178.4017,413.38477,278.6171,1956.6284,9843.599,2013
273,South Carolina,7304.0347,1609.7711,775.95575,1302.883,1338.8029,266.23285,227.36739,1783.0219,4764.153,2013
274,Tennessee,6510.6304,1372.1807,564.0031,1594.6829,621.0705,366.92953,266.09473,1725.6688,6493.432,2013
275,Virginia,7855.8447,1878.4172,934.82385,1298.2231,721.65564,509.86768,261.40533,2251.452,8253.053,2013
276,West Virginia,7916.3438,1708.1537,908.2979,1884.4932,391.31808,638.20715,194.5581,2191.3157,1853.873,2013
277,Southwest,6998.8647,1580.2148,904.8422,1272.625,679.44855,464.6599,262.1298,1834.9445,39070.46,2013
278,Arizona,6356.2783,1124.1224,764.6102,1257.0168,531.8465,342.07556,307.9776,2028.6292,6634.999,2013
279,New Mexico,8629.277,1658.1581,1115.0807,1924.403,802.2809,512.50244,311.46097,2305.391,2092.792,2013
280,Oklahoma,7098.884,1479.6288,864.027,1665.7491,561.67554,574.9502,230.07652,1722.7765,3853.205,2013
281,Texas,7016.4585,1702.9291,929.2944,1167.8564,723.8466,475.54163,251.41113,1765.5793,26489.465,2013
282,Rocky Mountain,7816.4023,1571.594,951.3915,1214.4651,742.7942,575.52795,284.05365,2476.5762,11375.626,2013
283,Colorado,7672.6396,1555.3063,884.64716,1117.6576,724.50037,475.56885,310.43213,2604.5273,5270.482,2013
284,Idaho,6825.561,1188.0331,649.0999,1503.352,625.5633,540.0018,248.57497,2070.9358,1611.53,2013
285,Montana,7785.4395,1618.6526,798.9204,1371.2208,497.02832,839.282,294.0446,2366.2905,1013.564,2013
286,Utah,7428.0493,1541.1971,1232.3074,1138.5339,580.45874,544.78424,233.92342,2156.8442,2897.927,2013
287,Wyoming,13848.243,2850.2825,1259.5603,1396.2719,2469.0176,1272.7104,375.6062,4224.7944,582.123,2013
288,Far West [2],8989.8545,1650.2109,885.26,1616.5132,993.56116,502.13974,366.8206,2975.3486,51943.61,2013
289,California,9300.501,1678.1719,900.2416,1753.5621,1015.8278,476.8278,394.2149,3081.6555,38280.824,2013
290,Nevada,6416.4346,1387.9589,440.7167,747.0003,454.015,603.4951,392.0875,2391.161,2776.972,2013
291,Oregon,9074.006,1504.2726,1039.224,1612.1765,1040.0024,512.7403,285.83133,3079.7583,3922.908,2013
292,Washington,8260.9,1683.3003,893.44495,1212.2683,1060.1621,594.9051,251.76385,2565.0557,6962.906,2013
293,Alaska,18206.69,3367.3535,1337.3647,2717.4663,933.14655,1912.3771,508.93365,7430.047,737.045,2013
294,Hawaii,8938.644,1323.8105,1001.6614,1550.3712,768.8315,490.06888,272.99173,3530.9087,1408.453,2013
295,New England,9249.168,2188.185,717.33356,2097.7566,409.07123,527.522,303.31375,3005.9863,14589.87,2012
296,Connecticut,9341.353,2410.7341,698.7771,1688.1564,568.0636,576.5329,307.7895,3091.2986,3594.395,2012
297,Maine,8324.413,1763.1105,601.524,2292.7542,384.47125,673.7968,188.15598,2420.6,1327.691,2012
298,Massachusetts,9735.927,2172.378,724.06445,2438.2556,405.55573,425.02713,325.15332,3245.4922,6663.158,2012
299,New Hampshire,7335.112,2084.0403,700.6991,1129.2122,117.07964,576.43726,264.65866,2462.9846,1323.962,2012
300,Rhode Island,8868.346,2093.7236,639.91785,2138.1584,262.5173,452.33316,341.41916,2940.276,1054.601,2012
301,Vermont,10189.73,2359.5198,1163.4149,2392.0962,450.1943,1049.9918,306.95154,2467.5615,626.063,2012
302,Mideast,10274.409,2459.8408,753.5554,2131.5342,797.6717,565.77484,389.66678,3176.3647,48623.844,2012
303,Delaware,9639.045,2009.5292,1244.4022,2001.0402,579.2362,605.6133,338.5687,2860.6548,915.188,2012
304,District of Columbia,16960.178,3467.9128,268.59348,4512.195,1062.4633,828.09406,888.2004,5932.7188,634.725,2012
305,Maryland,8775.288,2033.6838,1015.5631,1711.8022,379.6981,472.26126,360.6859,2801.5933,5887.072,2012
306,New Jersey,9431.327,2706.4817,680.931,1600.7227,576.9091,512.3526,384.72687,2969.203,8845.483,2012
307,New York,12176.605,2833.9412,720.9309,2602.723,1137.5667,524.8748,474.29227,3882.2769,19574.549,2012
308,Pennsylvania,8346.451,1894.0453,722.0009,1861.4071,624.7188,692.72144,255.57986,2295.9778,12766.827,2012
309,Great Lakes,7791.715,1809.4668,869.3554,1518.2,603.0005,485.1275,280.82184,2225.743,46586.914,2012
310,Illinois,8119.299,1928.4406,688.50415,1458.7928,363.3679,557.7977,355.82114,2766.5745,12884.119,2012
311,Indiana,7016.8164,1500.9489,920.9617,1335.8805,669.2259,424.3952,175.31418,1990.0898,6537.64,2012
312,Michigan,7466.152,1725.9949,1071.8785,1328.9855,819.7923,332.2303,236.4793,1950.7909,9896.93,2012
313,Ohio,7925.9946,1941.7979,760.99005,1770.6017,651.37823,460.0002,279.5044,2061.7224,11548.369,2012
314,Wisconsin,8231.716,1771.3566,1086.1111,1678.1967,594.3011,706.1378,311.86105,2083.7517,5719.855,2012
315,Plains,8177.458,1779.535,883.5818,1594.3239,803.9508,682.38074,261.95648,2171.7292,20750.023,2012
316,Iowa,8924.412,1919.4655,1131.9211,1507.6865,1184.4175,771.24615,223.08594,2186.5896,3076.097,2012
317,Kansas,7774.4165,1763.6119,1068.3124,1060.52,1009.8054,614.9154,255.48761,2001.7637,2885.361,2012
318,Minnesota,8948.251,1876.47,816.75775,2362.3828,573.3366,674.6627,303.67,2340.9714,5376.55,2012
319,Missouri,7247.1357,1577.5809,647.4287,1410.7626,865.97144,479.63132,269.67816,1996.0824,6024.081,2012
320,Nebraska,7958.28,2035.8043,1026.0197,1194.5139,733.7086,658.1562,233.30418,2076.773,1853.323,2012
321,North Dakota,10125.333,1867.7437,1335.033,1423.1525,287.8625,1898.9597,218.46313,3094.1184,701.116,2012
322,South Dakota,7416.6465,1508.5339,768.9491,1167.1982,316.83896,1133.6263,203.21513,2318.2847,833.496,2012
323,Southeast,7278.154,1522.0323,734.26385,1342.7656,817.3981,440.18317,277.39658,2144.1143,79925.87,2012
324,Alabama,7865.316,1500.3243,955.4341,1604.3503,1129.0686,470.61798,234.58,1970.9407,4815.564,2012
325,Arkansas,7117.391,1688.6389,895.2349,1720.864,433.82306,495.38043,202.40208,1681.048,2952.109,2012
326,Florida,6960.1743,1280.1586,496.72382,1185.2233,684.35016,411.70032,378.65698,2523.361,19326.23,2012
327,Georgia,6525.6733,1728.7699,633.66327,1021.4632,685.24646,307.69644,238.96106,1909.8728,9901.496,2012
328,Kentucky,7541.3677,1580.06,855.0543,1636.6481,604.6828,541.8517,174.47208,2148.599,4386.381,2012
329,Louisiana,8994.8545,1799.1053,673.6482,1394.9303,1094.1609,603.4037,322.0604,3107.5454,4600.814,2012
330,Mississippi,8094.5015,1458.6523,895.9312,1703.5593,1296.8575,582.00256,221.8387,1935.6595,2983.767,2012
331,North Carolina,7256.328,1357.1273,979.163,1362.2755,1072.3715,409.37653,278.30566,1797.7087,9749.123,2012
332,South Carolina,7281.7617,1590.332,740.1325,1243.9734,1343.2903,331.94336,224.97008,1807.1201,4717.112,2012
333,Tennessee,6635.668,1399.8865,588.85156,1602.6534,652.76154,371.48514,252.47636,1767.5533,6451.281,2012
334,Virginia,7649.7905,1839.8322,917.6346,1231.5421,649.05133,526.94165,254.52934,2230.2595,8185.229,2012
335,West Virginia,7845.389,1722.5151,914.78564,1748.9514,394.09964,696.9119,196.22957,2171.8958,1856.764,2012
336,Southwest,6977.297,1600.4147,892.81287,1278.2979,682.23035,440.56912,261.714,1821.2583,38552.4,2012
337,Arizona,6319.4746,1204.671,726.9926,1238.8436,562.0789,355.70093,314.396,1916.7917,6556.629,2012
338,New Mexico,8647.976,1697.8169,1134.0658,1928.9019,802.32605,494.84204,309.51608,2280.5068,2087.549,2012
339,Oklahoma,6985.3643,1436.2274,891.15857,1594.4794,562.6798,598.55023,222.95763,1679.3115,3818.6,2012
340,Texas,7007.7563,1716.1074,915.4238,1189.8774,720.31433,434.432,250.32208,1781.279,26089.62,2012
341,Rocky Mountain,7809.8467,1544.0259,956.36365,1166.1091,713.38257,649.51337,278.42453,2502.0278,11222.653,2012
342,Colorado,7656.7266,1538.2141,887.59155,1069.3416,717.4644,479.44604,299.8748,2664.794,5193.721,2012
343,Idaho,6602.876,1161.497,646.7083,1408.5397,556.7326,547.59656,247.98473,2033.817,1595.441,2012
344,Montana,7743.843,1611.9507,785.0479,1322.6199,490.8354,940.9108,287.9869,2304.491,1003.754,2012
345,Utah,7531.2095,1477.1697,1257.328,1109.7717,543.284,761.98883,235.02077,2146.6465,2853.467,2012
346,Wyoming,14026.118,2868.1956,1241.6229,1373.4048,2340.1877,1399.9393,367.63843,4435.1294,576.27,2012
347,Far West [2],8958.17,1679.7196,910.1962,1469.4323,978.8898,507.01773,366.45828,3046.4558,51497.344,2012
348,California,9195.279,1709.2133,945.401,1557.4403,993.31976,479.68573,392.21344,3118.0059,37960.78,2012
349,Nevada,6671.0933,1412.7363,434.8152,758.7094,501.15646,610.87256,396.62775,2556.1758,2744.566,2012
350,Oregon,9161.859,1535.0592,1003.4813,1553.262,1045.0912,518.48804,292.7026,3213.7744,3899.118,2012
351,Washington,8447.779,1705.4272,852.8302,1220.3208,1052.1929,609.7011,254.32709,2752.9805,6892.876,2012
352,Alaska,17259.594,3122.6206,1224.9702,2669.0713,846.1211,1743.9756,468.87112,7183.964,730.399,2012
353,Hawaii,8966.131,1342.4362,1080.1646,1494.5907,766.7024,495.59933,276.50342,3510.1345,1394.905,2012
354,New England,9101.276,2103.25,708.12537,2028.9423,465.72134,463.92865,297.627,3033.682,14529.652,2011
355,Connecticut,9224.495,2340.9526,734.1589,1715.7426,630.38367,431.9426,299.43008,3071.8848,3588.023,2011
356,Maine,8461.632,1823.3837,598.4648,2202.8167,463.09454,689.79333,186.14764,2497.931,1328.15,2011
357,Massachusetts,9408.01,2010.6893,705.67865,2193.842,494.6521,387.46457,320.50375,3295.1797,6613.149,2011
358,New Hampshire,7774.541,2097.5637,638.4705,1585.6919,129.56287,579.8934,266.81998,2476.5388,1319.815,2011
359,Rhode Island,8775.038,2089.7815,584.54767,2213.9983,230.29208,329.29202,339.19675,2987.9302,1053.536,2011
360,Vermont,9856.816,2346.6958,1171.5258,2335.7705,327.04605,957.15967,277.16238,2441.4565,626.979,2011
361,Mideast,10201.193,2466.4558,733.8234,2155.972,763.8649,589.6959,384.77975,3106.6016,48436.79,2011
362,Delaware,9480.453,1910.5967,1178.5927,1934.3889,500.70096,652.1928,322.75635,2981.2249,907.316,2011
363,District of Columbia,17233.96,3509.7144,270.6221,4573.5054,1003.1682,866.0511,953.88654,6057.012,619.602,2011
364,Maryland,8559.695,2059.7458,951.2137,1627.3925,361.43335,506.9655,374.0011,2678.9436,5838.991,2011
365,New Jersey,9245.513,2654.1023,645.9476,1628.996,461.06436,496.85577,377.38242,2981.164,8827.783,2011
366,New York,12087.649,2842.2822,727.772,2585.49,1133.5667,568.7554,464.6623,3765.1206,19498.514,2011
367,Pennsylvania,8438.449,1936.6738,695.2077,2004.2664,599.4593,706.05975,249.3734,2247.4092,12744.583,2011
368,Great Lakes,7830.545,1821.5905,836.1035,1495.8315,618.8731,474.79526,285.28018,2298.0708,46513.074,2011
369,Illinois,8034.8203,1906.1334,675.17444,1359.7986,449.20294,555.92566,359.31006,2729.2751,12867.291,2011
370,Indiana,7041.035,1494.46,847.54724,1301.9323,668.39056,414.722,198.83104,2115.152,6516.045,2011
371,Michigan,7464.69,1772.1515,1034.2156,1340.187,775.50006,351.20312,238.76942,1952.6635,9881.521,2011
372,Ohio,8079.6094,1913.5776,744.18005,1751.5538,692.2308,434.57877,277.05197,2266.4363,11543.463,2011
373,Wisconsin,8401.322,1904.0544,1028.8584,1776.2847,525.2711,655.87726,314.25977,2196.7166,5704.755,2011
374,Plains,8014.9893,1771.8967,860.3051,1556.8273,757.56915,665.9456,263.36725,2139.0781,20639.557,2011
375,Iowa,8628.437,1875.3453,1132.7772,1574.4573,1046.336,687.44257,210.73927,2101.339,3066.054,2011
376,Kansas,8001.151,1832.7598,991.5759,1243.1044,931.9698,612.0277,255.92473,2133.7886,2869.035,2011
377,Minnesota,8840.021,1868.2587,824.147,2222.1804,568.90344,685.6516,309.1578,2361.7227,5345.668,2011
378,Missouri,6924.5557,1573.7639,601.85406,1288.8129,809.22107,528.0364,277.12122,1845.7462,6009.641,2011
379,Nebraska,7848.914,1945.1997,1010.1019,1184.1337,745.82324,623.5867,225.93231,2114.1367,1840.538,2011
380,North Dakota,9456.988,1800.5724,1290.6168,1403.7388,278.43668,1424.0603,231.84448,3027.7185,685.136,2011
381,South Dakota,7552.696,1583.8826,816.49554,1181.3296,347.4676,1116.199,197.51689,2309.8044,823.484,2011
382,Southeast,7289.832,1552.2375,724.3464,1317.5513,834.99536,432.3768,275.23108,2153.0935,79239.445,2011
383,Alabama,7410.0186,1574.2147,1034.7374,1236.0394,1204.0334,456.09955,241.8373,1663.0566,4798.834,2011
384,Arkansas,7063.02,1823.5275,821.6478,1530.7609,458.17773,469.6775,188.95036,1770.2781,2940.407,2011
385,Florida,7174.348,1377.6553,500.7995,1232.6608,696.66394,428.94287,384.95126,2552.6743,19093.352,2011
386,Georgia,6580.7983,1722.278,640.3804,1032.4391,732.0507,296.2414,236.25288,1921.1561,9801.578,2011
387,Kentucky,7391.743,1545.8793,863.8376,1655.2296,606.89264,511.17157,158.91885,2049.8137,4369.488,2011
388,Louisiana,9404.275,1786.538,685.90204,1402.5714,1208.7029,658.36237,333.3737,3328.8254,4575.184,2011
389,Mississippi,8015.6216,1435.5881,869.88556,1739.3917,1261.2388,567.97485,221.8488,1919.6937,2978.47,2011
390,North Carolina,6992.261,1360.0673,961.9978,1179.8737,1067.4233,396.55945,246.791,1779.5486,9656.754,2011
391,South Carolina,7566.9927,1624.9144,718.8544,1418.466,1311.1023,329.74008,228.29173,1935.6241,4671.422,2011
392,Tennessee,6587.6035,1402.9714,519.6123,1572.1243,682.1761,369.86014,266.6276,1774.2314,6397.41,2011
393,Virginia,7551.1445,1811.9883,878.3294,1255.3567,632.6616,447.0456,251.14459,2274.618,8100.469,2011
394,West Virginia,7784.5894,1785.973,854.5597,1744.2758,378.48438,702.1681,192.44762,2126.681,1856.074,2011
395,Southwest,7191.826,1687.7936,910.90924,1313.2303,630.3697,448.40125,273.4791,1927.643,37987.94,2011
396,Arizona,6601.2505,1246.0428,707.80365,1422.0273,453.46216,383.15024,326.9908,2061.7734,6473.497,2011
397,New Mexico,9150.578,1742.8296,1150.1298,2129.583,801.12,570.10614,310.21945,2446.5896,2080.395,2011
398,Oklahoma,6817.7925,1428.1722,886.71564,1434.563,531.49347,638.7371,239.54643,1658.5645,3787.821,2011
399,Texas,7237.2476,1833.1785,946.3442,1201.6265,675.7763,426.88736,262.0033,1891.4316,25646.227,2011
400,Rocky Mountain,7762.264,1572.5396,937.98663,1099.005,717.4682,619.9227,284.1996,2531.1423,11084.26,2011
401,Colorado,7724.111,1598.1417,883.41534,962.8609,737.02106,473.34195,315.99225,2753.3374,5121.771,2011
402,Idaho,6592.295,1198.7375,682.9656,1395.4803,654.66766,632.81366,244.06564,1783.5643,1583.828,2011
403,Montana,8148.8384,1625.9254,799.33234,1416.9897,406.42947,900.4744,268.4059,2731.2812,997.221,2011
404,Utah,7244.5273,1451.3804,1175.5096,1017.4393,538.96326,656.3576,234.0236,2170.8535,2814.216,2011
405,Wyoming,13262.679,2892.3723,1208.1436,1346.1296,2148.7295,1233.488,385.89868,4047.9175,567.224,2011
406,Far West [2],9045.144,1665.5779,901.039,1656.3641,878.29486,437.79367,372.9602,3133.114,51048.004,2011
407,California,9379.376,1688.8497,920.86,1797.7275,886.86255,394.52,403.10178,3287.4543,37641.824,2011
408,Nevada,6903.702,1479.0483,473.10913,864.78613,493.32333,517.7641,419.37534,2656.2957,2712.799,2011
409,Oregon,8198.414,1554.7,1065.101,1468.7633,786.2466,522.94635,284.53937,2516.118,3871.728,2011
410,Washington,8533.025,1674.2732,868.72833,1297.5878,1036.3553,596.44543,238.36562,2821.2695,6821.655,2011
411,Alaska,17565.467,3393.831,1114.4663,2572.2012,864.58887,2330.6086,451.4998,6838.2715,722.038,2011
412,Hawaii,8849.495,1405.6104,951.06335,1556.664,948.2118,409.38638,279.96335,3298.596,1379.252,2011
413,New England,8848.474,2099.12,652.3325,1921.2897,444.43784,456.28735,286.0139,2988.9922,14469.783,2010
414,Connecticut,8955.904,2397.714,675.5699,1565.7151,603.6526,446.27808,292.45612,2974.518,3579.125,2010
415,Maine,8285.451,1805.2759,563.20953,2205.849,483.88184,630.28235,191.5448,2405.4075,1327.632,2010
416,Massachusetts,9142.147,1997.2096,631.7723,2064.134,457.70892,386.4961,297.2053,3307.6213,6566.431,2010
417,New Hampshire,7560.1685,1990.9567,613.3483,1556.7686,132.33676,574.98193,272.56323,2419.213,1316.777,2010
418,Rhode Island,8603.486,2073.2283,573.3639,2142.4534,247.53638,309.34268,348.68655,2908.875,1053.938,2010
419,Vermont,9470.322,2355.266,1139.2024,2246.8765,299.24905,874.3849,254.91148,2300.4314,625.88,2010
420,Mideast,10136.845,2514.059,698.39813,2093.861,746.48535,572.3525,376.33383,3135.3552,48204.184,2010
421,Delaware,9340.551,1859.659,1141.4259,1833.833,521.2101,752.2963,315.58868,2916.538,899.595,2010
422,District of Columbia,17816.805,3675.578,257.75055,4428.0522,1024.1917,929.6743,940.22327,6561.3345,605.085,2010
423,Maryland,8596.447,2096.6018,925.3051,1558.2651,372.1073,537.8156,359.5465,2746.806,5788.642,2010
424,New Jersey,9397.8125,2809.5205,629.4394,1590.1136,492.17853,455.51013,373.0897,3047.9602,8799.624,2010
425,New York,11938.404,2876.6487,674.00995,2525.4907,1118.7673,549.35474,451.51077,3742.6218,19400.08,2010
426,Pennsylvania,8291.141,1937.2563,669.6473,1935.0284,527.5647,674.32294,248.94412,2298.3767,12711.158,2010
427,Great Lakes,7737.397,1829.4861,819.3621,1424.3472,616.96936,497.506,284.51093,2265.2156,46438.54,2010
428,Illinois,7980.792,1907.9373,673.68317,1323.3651,446.6858,640.02496,358.783,2630.3127,12840.762,2010
429,Indiana,7028.5864,1558.4064,839.07245,1260.5162,660.40924,420.49872,197.37149,2092.3118,6490.436,2010
430,Michigan,7474.061,1814.5667,1022.2596,1306.4156,769.3525,373.89014,241.53627,1946.0403,9877.535,2010
431,Ohio,7892.7124,1891.7926,711.9158,1602.5468,694.5953,417.05994,279.3259,2295.476,11539.327,2010
432,Wisconsin,8138.7686,1861.1962,991.3039,1682.4255,529.7545,641.44336,301.4126,2131.2324,5690.479,2010
433,Plains,7985.804,1793.553,848.46783,1526.4434,742.98254,675.74524,263.7784,2134.834,20536.21,2010
434,Iowa,8412.298,1845.5316,1062.6777,1507.8982,1053.9684,755.8404,206.11539,1980.2659,3050.767,2010
435,Kansas,7987.4023,1943.2866,951.85803,1181.4312,850.6119,599.3147,256.39096,2204.5088,2858.213,2010
436,Minnesota,8861.004,1867.794,823.74133,2212.2993,558.8791,719.27826,318.1188,2360.8933,5310.843,2010
437,Missouri,6976.851,1627.2632,615.61707,1234.8378,802.9892,528.6294,274.81247,1892.7021,5995.976,2010
438,Nebraska,7919.7314,1935.1628,1009.7926,1284.059,741.1207,673.145,221.8251,2054.6265,1829.536,2010
439,North Dakota,9027.066,1768.336,1285.3077,1309.822,294.9845,1258.1982,218.9059,2891.512,674.71,2010
440,South Dakota,7390.6357,1516.8661,834.4771,1205.7844,335.28024,965.85736,201.67001,2330.7002,816.165,2010
441,Southeast,7256.3594,1586.1228,700.0248,1272.0897,826.9803,435.01126,273.89172,2162.2388,78571.43,2010
442,Alabama,7440.538,1608.4941,992.8859,1258.1862,1200.4764,442.858,241.95645,1695.6809,4785.448,2010
443,Arkansas,6704.3545,1786.9495,788.9614,1470.457,433.03302,440.9448,185.45451,1598.5544,2921.978,2010
444,Florida,7269.999,1408.3091,484.27466,1176.9156,696.6085,466.2624,393.62128,2644.0076,18845.785,2010
445,Georgia,6579.3447,1802.4745,563.90393,999.40155,708.67224,355.84406,231.57237,1917.476,9711.81,2010
446,Kentucky,7305.1606,1518.0597,859.1785,1631.2203,608.8124,520.6605,159.74265,2007.4868,4348.2,2010
447,Louisiana,9488.1,1767.2325,697.38446,1406.5149,1228.8119,637.42914,318.5505,3432.176,4544.532,2010
448,Mississippi,7970.155,1492.3613,899.2862,1659.2585,1237.778,571.31036,215.5897,1894.5709,2970.536,2010
449,North Carolina,6916.1177,1425.7201,926.0757,1168.1501,1046.2394,352.82053,243.44252,1753.6691,9574.293,2010
450,South Carolina,7594.6255,1710.1483,693.7251,1339.6583,1276.9521,348.9012,223.46632,2001.774,4635.656,2010
451,Tennessee,6429.048,1387.6886,525.81946,1479.5564,688.4667,354.00558,263.83252,1729.6787,6355.301,2010
452,Virginia,7411.528,1867.5022,850.92487,1187.6475,628.7593,397.26895,247.56158,2231.8635,8023.68,2010
453,West Virginia,7405.7847,1732.6182,816.4894,1621.1407,372.6134,667.7579,183.76897,2011.3962,1854.214,2010
454,Southwest,7256.6533,1778.6428,909.0924,1256.3307,621.5579,439.51886,272.95206,1978.5583,37474.67,2010
455,Arizona,6712.728,1300.3485,687.8841,1326.7064,490.05865,412.67404,334.48932,2160.567,6407.774,2010
456,New Mexico,9437.165,1815.553,1180.3546,2176.2336,816.18463,597.70325,314.72333,2536.412,2064.588,2010
457,Oklahoma,7006.9116,1570.8165,988.1182,1435.8586,495.7283,590.5498,227.67867,1698.1617,3759.632,2010
458,Texas,7253.58,1927.991,931.28894,1136.4888,657.7611,410.901,260.65756,1928.4916,25242.68,2010
459,Rocky Mountain,7714.77,1618.0721,911.5265,997.91785,726.78864,648.3751,281.8682,2530.2217,10949.593,2010
460,Colorado,7655.3003,1664.0393,856.96796,845.5607,733.4067,499.8965,313.28168,2742.1477,5048.281,2010
461,Idaho,6619.8135,1293.7261,701.8856,1156.3829,730.35443,618.6648,237.75746,1881.042,1570.773,2010
462,Montana,8164.701,1626.425,820.27045,1343.7845,390.4728,938.87286,260.01038,2784.865,990.722,2010
463,Utah,7113.6143,1437.9332,1106.4315,992.0323,553.51825,689.38696,233.46667,2100.8455,2775.334,2010
464,Wyoming,13459.493,2980.5378,1184.7106,1341.4275,2099.8472,1347.433,400.01028,4105.527,564.483,2010
465,Far West [2],8823.27,1714.7291,870.8324,1347.981,848.6621,484.2755,381.63403,3175.156,50603.8,2010
466,California,9087.914,1750.1113,891.48724,1399.6912,857.0939,444.59692,414.90652,3330.0266,37320.902,2010
467,Nevada,7017.174,1480.2188,485.4407,812.3712,489.588,537.88763,419.63852,2792.0288,2702.464,2010
468,Oregon,8113.9595,1587.9141,1014.3121,1320.6844,741.3035,556.4967,290.79654,2602.4524,3837.532,2010
469,Washington,8486.052,1685.0559,829.31323,1291.9725,1007.0054,641.3004,233.94185,2797.462,6742.902,2010
470,Alaska,17729.752,3397.8325,1018.3231,2479.6318,799.2957,2429.5957,462.97833,7142.094,713.906,2010
471,Hawaii,8945.454,1535.7543,799.6375,1490.9275,892.4597,549.2238,282.37424,3395.0774,1363.963,2010
472,New England,8772.417,2091.6953,656.0733,1864.4993,461.44196,436.2256,276.49997,2985.9817,14403.575,2009
473,Connecticut,8997.986,2403.085,702.3488,1587.2048,632.7883,412.9606,277.36905,2982.2297,3561.807,2009
474,Maine,8169.9165,1771.8838,577.95483,2147.8064,543.2321,581.2649,183.85292,2363.9211,1329.59,2009
475,Massachusetts,9128.91,2007.6927,626.9228,1987.7323,465.16446,395.48712,298.14935,3347.7617,6517.613,2009
476,New Hampshire,7089.9077,1924.0096,623.2245,1459.6414,142.32559,517.97125,248.67828,2174.0571,1316.102,2009
477,Rhode Island,8465.214,2057.7974,547.1961,2002.3851,245.69922,276.591,313.53226,3022.0132,1053.646,2009
478,Vermont,9112.029,2283.7695,1115.381,2177.1575,307.78772,782.17145,239.02039,2206.7422,624.817,2009
479,Mideast,9844.621,2461.815,693.6783,1945.1971,757.428,556.7344,368.873,3060.8955,47943.87,2009
480,Delaware,9190.332,1916.8728,1082.0697,1690.5197,527.8874,717.0197,318.64017,2937.323,891.73,2009
481,District of Columbia,17117.775,3519.5027,223.83102,4316.5303,1137.4843,680.7631,967.1765,6272.488,592.228,2009
482,Maryland,8415.483,2054.6262,863.9816,1469.865,412.3075,524.1254,357.17303,2733.4048,5730.388,2009
483,New Jersey,9325.33,2806.6694,635.2857,1524.4458,477.36386,424.91812,372.07916,3084.5679,8755.602,2009
484,New York,11514.227,2787.0034,691.9562,2311.9375,1120.1617,534.79974,435.53934,3632.8296,19307.066,2009
485,Pennsylvania,8011.2627,1900.9067,654.2464,1799.1326,552.64874,678.9511,245.89879,2179.4783,12666.858,2009
486,Great Lakes,7635.7627,1827.7654,773.38617,1393.767,604.0594,494.6981,285.2689,2256.8179,46355.855,2009
487,Illinois,7946.196,1937.4277,644.76074,1366.7396,438.6415,592.4929,356.06454,2610.0686,12796.778,2009
488,Indiana,7050.7603,1530.6322,829.9999,1220.03,664.20984,455.3197,186.50107,2164.0676,6459.325,2009
489,Michigan,7347.132,1823.2917,917.8837,1262.9513,735.053,399.00415,248.37503,1960.573,9901.591,2009
490,Ohio,7736.42,1871.6088,691.2935,1549.5569,682.85834,427.9957,286.8049,2226.302,11528.896,2009
491,Wisconsin,7900.985,1837.4288,913.79004,1564.3867,519.8816,621.5976,299.3124,2144.588,5669.264,2009
492,Plains,7916.667,1811.49,860.24615,1447.7072,736.6979,655.54785,264.0815,2140.8965,20392.582,2009
493,Iowa,8288.541,1789.6237,1116.7257,1390.2218,1093.2767,691.7273,205.8532,2001.1128,3032.87,2009
494,Kansas,8039.7407,1917.3818,970.22845,1170.1163,828.9567,665.50934,247.51299,2240.035,2832.704,2009
495,Minnesota,8873.932,1992.0679,844.6079,2079.4883,600.75836,670.2032,333.03397,2353.7715,5281.203,2009
496,Missouri,6924.3994,1653.2843,629.9753,1175.5096,758.9341,524.75183,272.24594,1909.698,5961.088,2009
497,Nebraska,7808.393,1890.2483,1005.6066,1236.6873,710.64325,697.8148,210.32967,2057.063,1812.683,2009
498,North Dakota,8238.296,1610.7798,1160.5024,1292.8547,152.14417,1056.4178,216.12016,2749.4768,664.968,2009
499,South Dakota,7130.372,1497.3514,739.66595,1115.8751,338.35605,929.57837,189.78722,2319.7578,807.067,2009
500,Southeast,7251.913,1631.4474,695.75836,1200.9764,798.2009,460.9455,274.57605,2190.0083,77814.94,2009
501,Alabama,7370.9487,1658.2499,1008.1067,1144.9409,1089.7847,484.3447,246.4225,1739.0992,4757.938,2009
502,Arkansas,6246.7964,1638.7701,786.89734,1324.648,433.58856,433.66763,178.96136,1450.2633,2896.843,2009
503,Florida,7420.777,1506.9279,478.54047,1065.5571,697.4736,526.63995,397.43777,2748.2,18652.645,2009
504,Georgia,6678.8975,1935.5321,580.6881,1005.3166,650.60034,340.373,232.60834,1933.7789,9620.846,2009
505,Kentucky,7042.302,1460.5242,818.7087,1570.444,624.77594,499.02805,157.82079,1910.9999,4317.074,2009
506,Louisiana,9551.109,1772.077,753.0581,1352.11,1192.3466,785.1161,316.39346,3380.0083,4491.648,2009
507,Mississippi,7836.189,1514.4891,870.47034,1645.152,1184.6782,529.82416,221.00978,1870.5656,2958.774,2009
508,North Carolina,6963.224,1526.7504,860.961,1168.9554,990.53894,347.81543,237.03374,1831.1691,9449.566,2009
509,South Carolina,7550.1646,1783.5724,705.2842,1309.6147,1180.0955,293.18182,220.93361,2057.4824,4589.872,2009
510,Tennessee,6384.7754,1372.319,527.0314,1318.1438,748.93097,415.32242,254.22664,1748.8011,6306.019,2009
511,Virginia,7334.1504,1851.0999,871.3721,1097.9639,587.1135,432.3124,258.98605,2235.3027,7925.937,2009
512,West Virginia,7107.3335,1569.1196,788.1928,1531.2021,373.90268,694.60406,193.70325,1956.6089,1847.775,2009
513,Southwest,7107.161,1810.6709,824.3186,1175.436,588.42316,468.25125,270.38028,1969.681,36899.29,2009
514,Arizona,6904.703,1433.2375,668.8343,1265.3691,455.2357,474.84326,349.14178,2258.0415,6343.154,2009
515,New Mexico,9271.887,1910.8416,1186.7467,1951.4744,773.9466,691.9244,312.30673,2444.646,2036.802,2009
516,Oklahoma,6869.074,1575.1918,881.05707,1372.6185,521.2827,569.0483,222.4581,1727.4175,3717.572,2009
517,Texas,7016.8535,1934.271,825.816,1059.1486,617.31445,433.08792,253.97668,1893.2393,24801.762,2009
518,Rocky Mountain,7646.5776,1647.2686,927.1476,974.24744,714.21106,613.80865,283.43457,2486.4597,10793.888,2009
519,Colorado,7547.539,1652.1534,834.2887,843.12463,708.18726,507.6392,311.78885,2690.3574,4972.195,2009
520,Idaho,6602.849,1295.937,722.139,1151.9249,685.18286,569.6808,234.65636,1943.3281,1554.439,2009
521,Montana,7608.86,1619.9128,840.94727,1294.0695,346.2106,847.98706,250.70682,2409.026,983.982,2009
522,Utah,7258.2393,1582.564,1183.0437,928.6034,562.3703,606.9139,240.67487,2154.0696,2723.421,2009
523,Wyoming,13379.481,2942.2043,1227.7499,1305.3866,2233.7336,1301.2051,432.574,3936.6277,559.851,2009
524,Far West [2],8928.14,1830.1432,839.87744,1346.7087,871.35486,456.88654,392.37396,3190.7947,50121.92,2009
525,California,9218.62,1873.1053,838.73474,1417.5132,895.2292,412.212,427.727,3354.099,36961.23,2009
526,Nevada,6991.984,1596.3262,499.92346,793.4796,513.9077,638.05914,429.15298,2521.1348,2684.665,2009
527,Oregon,8027.98,1688.4113,998.1064,1226.7064,666.05786,484.6164,303.79193,2660.2898,3808.6,2009
528,Washington,8611.636,1767.0887,892.71155,1245.5079,1000.2046,615.7523,232.1836,2858.187,6667.426,2009
529,Alaska,18557.844,3459.471,1028.9371,2174.8145,973.1548,2441.3352,432.68015,8047.4507,698.895,2009
530,Hawaii,9353.061,1744.6145,853.6619,1350.1627,970.66864,507.68646,273.8935,3652.373,1346.717,2009
531,New England,8419.874,2021.4398,622.60944,1751.561,453.5596,439.428,268.31766,2862.9585,14340.115,2008
532,Connecticut,8599.871,2306.5076,647.32477,1462.36,606.7892,377.15616,281.64258,2918.091,3545.579,2008
533,Maine,7762.998,1711.8373,572.2772,1883.247,553.7129,535.4672,175.3096,2331.147,1330.509,2008
534,Massachusetts,8746.211,1930.7449,583.6575,1914.0422,454.00293,442.77472,284.9036,3136.085,6468.967,2008
535,New Hampshire,6780.524,1894.9857,620.55493,1244.1915,161.44846,491.87784,240.5947,2126.8708,1315.906,2008
536,Rhode Island,8486.397,2052.563,553.89795,2041.2179,260.47034,288.78592,300.6181,2988.8445,1055.003,2008
537,Vermont,8759.167,2216.052,1113.6936,2009.754,307.26538,697.8071,222.8371,2191.758,624.151,2008
538,Mideast,9481.047,2399.383,636.5995,1862.7151,677.99805,520.18835,352.81262,3031.3503,47684.887,2008
539,Delaware,9135.726,1944.8191,1091.8365,1632.0233,544.2914,662.06836,319.72092,2940.9656,883.874,2008
540,District of Columbia,18416.162,3615.6736,221.80975,4159.925,1370.8853,707.4742,1018.3546,7322.0396,580.236,2008
541,Maryland,8035.2827,2053.663,859.8486,1291.2799,390.13907,507.49652,323.0233,2609.8325,5684.965,2008
542,New Jersey,9051.787,2759.6602,604.2662,1448.6925,471.77023,430.5925,354.33246,2982.473,8711.09,2008
543,New York,11056.229,2664.1682,601.12054,2287.453,940.2008,504.58417,424.95142,3633.751,19212.436,2008
544,Pennsylvania,7642.848,1878.9283,599.52747,1669.7216,528.2651,593.0024,227.0009,2146.4023,12612.285,2008
545,Great Lakes,7376.105,1769.2615,765.1316,1307.4314,575.5726,467.15158,270.8377,2220.7188,46275.12,2008
546,Illinois,7565.777,1803.227,650.01056,1273.6185,427.09232,536.92413,332.3842,2542.52,12747.038,2008
547,Indiana,6859.1865,1507.3011,761.0303,1299.5487,596.7463,436.2499,188.91014,2069.4001,6424.806,2008
548,Michigan,7245.7607,1808.1191,950.3625,1161.0376,691.0737,371.76025,243.99277,2019.4148,9946.889,2008
549,Ohio,7492.811,1834.6274,678.3352,1466.6132,638.44824,413.57092,269.50366,2191.7126,11515.391,2008
550,Wisconsin,7527.8433,1788.9137,880.50604,1326.0068,554.96124,622.26495,275.131,2080.0593,5640.996,2008
551,Plains,7445.9956,1706.6912,814.19135,1343.5054,680.53516,628.4502,242.69643,2029.9257,20248.814,2008
552,Iowa,7634.632,1720.7715,1024.441,1289.456,959.6958,605.48956,203.17867,1831.599,3016.734,2008
553,Kansas,7498.426,1694.4604,899.1377,1141.1725,764.79944,660.70184,243.67645,2094.477,2808.076,2008
554,Minnesota,8411.647,1851.3693,790.2641,1908.4637,562.35297,718.72406,291.09735,2289.3765,5247.018,2008
555,Missouri,6562.2183,1608.7762,638.1755,1068.6237,699.3945,476.22064,240.36263,1830.665,5923.916,2008
556,Nebraska,7400.298,1787.6522,924.7725,1189.3944,717.1286,631.55804,226.13725,1923.6547,1796.378,2008
557,North Dakota,7786.821,1556.7766,1161.034,1232.1353,154.2819,938.887,180.48752,2563.2185,657.569,2008
558,South Dakota,6582.933,1413.7743,649.92163,1024.8097,317.53897,875.1095,176.34935,2125.4297,799.124,2008
559,Southeast,7189.649,1652.1675,679.877,1143.1016,784.4226,477.40836,262.0869,2190.585,77057.84,2008
560,Alabama,6887.9854,1658.6874,982.05505,968.232,1034.1838,413.45544,222.64352,1608.728,4718.206,2008
561,Arkansas,6227.577,1550.4047,752.6935,1316.5736,443.00717,418.10486,174.44131,1572.352,2874.554,2008
562,Florida,7548.547,1645.351,454.93665,1053.295,662.6946,577.9078,363.57712,2790.7847,18527.305,2008
563,Georgia,6867.5093,1958.5447,578.9583,984.16785,778.2772,408.83496,241.27637,1917.4501,9504.843,2008
564,Kentucky,6928.7085,1475.6476,799.3125,1428.2354,566.0928,644.8363,163.57971,1851.0046,4289.878,2008
565,Louisiana,9555.078,1693.0198,765.1048,1298.8009,1108.3579,669.63196,299.95856,3720.204,4435.586,2008
566,Mississippi,7614.701,1456.3319,860.2286,1440.1083,1115.2091,571.8548,200.07524,1970.8933,2947.806,2008
567,North Carolina,6716.4653,1446.748,839.643,1125.295,909.3363,382.47333,238.14062,1774.8289,9309.449,2008
568,South Carolina,7424.8125,1749.618,728.4495,1203.1073,1249.3877,310.15085,216.26382,1967.8354,4528.996,2008
569,Tennessee,6110.415,1337.5714,503.88394,1310.7305,749.18396,323.00803,236.39922,1649.6381,6247.411,2008
570,Virginia,7307.8516,1944.8323,847.9075,1030.3969,576.6998,453.0594,256.33713,2198.6187,7833.496,2008
571,West Virginia,6718.09,1528.887,758.983,1382.8658,360.58545,591.17755,169.1063,1926.4847,1840.31,2008
572,Southwest,6866.8506,1758.1072,781.9404,1059.3926,569.3821,564.8252,252.34834,1880.855,36269.04,2008
573,Arizona,6886.2275,1462.2899,676.68774,1151.3903,479.59177,477.88058,343.18182,2295.2053,6280.362,2008
574,New Mexico,8749.874,1769.2103,1142.2825,1826.8396,714.2842,594.5957,300.3011,2402.3606,2010.662,2008
575,Oklahoma,6553.5967,1521.875,849.6831,1311.6897,489.46246,540.6999,208.13219,1632.0543,3668.976,2008
576,Texas,6753.3745,1869.2693,769.10376,934.0677,592.657,588.46655,231.58833,1768.222,24309.04,2008
577,Rocky Mountain,7378.512,1663.738,879.0409,929.5894,643.1128,577.8385,261.26505,2423.9277,10609.537,2008
578,Colorado,7324.8457,1727.0677,779.2242,858.9695,592.52515,480.17047,290.16245,2596.726,4889.73,2008
579,Idaho,6315.8574,1256.5078,710.9775,1070.686,656.3598,562.87994,208.88211,1849.564,1534.32,2008
580,Montana,7438.571,1572.482,856.1841,1106.7712,350.59274,787.39777,232.54764,2532.5952,976.415,2008
581,Utah,7026.178,1590.7607,1108.7356,851.6325,540.9295,536.31146,238.5986,2159.2097,2663.029,2008
582,Wyoming,12455.959,2759.9895,1165.7836,1228.8757,2080.3125,1322.2712,311.57803,3587.148,546.043,2008
583,Far West [2],8705.548,1866.7545,802.22345,1272.4899,826.3154,460.6162,375.5974,3101.5508,49588.945,2008
584,California,9065.935,1928.4032,806.5007,1350.463,858.1868,427.29416,412.04333,3283.043,36604.336,2008
585,Nevada,6869.6274,1745.916,536.6004,688.36914,507.19656,546.4149,406.05624,2439.074,2653.63,2008
586,Oregon,7479.793,1621.9952,867.43555,1088.0101,605.98425,505.30734,270.08252,2520.978,3768.748,2008
587,Washington,8141.672,1712.3085,848.3257,1179.7083,904.1189,586.1261,220.58199,2690.5024,6562.231,2008
588,Alaska,16763.451,3252.8777,1003.6657,2058.478,659.80176,2212.8547,381.04022,7194.7344,687.455,2008
589,Hawaii,8926.1,1688.5018,905.6607,1248.8153,979.8493,461.00287,252.59924,3389.6704,1332.213,2008
590,New England,8064.6353,1960.9716,602.7179,1699.8729,396.1039,394.09924,261.37485,2749.495,14279.205,2007
591,Connecticut,8065.6313,2255.96,598.1629,1352.0728,558.33466,342.87906,258.50983,2699.7122,3527.27,2007
592,Maine,7570.4077,1648.8712,566.75305,1851.5208,473.9051,547.56146,174.55992,2307.2363,1327.04,2007
593,Massachusetts,8456.758,1877.1837,575.8708,1911.0651,376.72623,353.1954,283.7141,3079.0022,6431.559,2007
594,New Hampshire,6447.7485,1825.1688,582.79517,1177.8209,149.39735,472.49683,225.31274,2014.757,1312.54,2007
595,Rhode Island,8073.136,1960.5784,533.79175,1897.3011,250.54312,343.7774,309.57095,2777.5735,1057.315,2007
596,Vermont,8455.394,2107.2703,1140.8062,1930.3796,278.80722,699.4792,226.10632,2072.5442,623.481,2007
597,Mideast,9045.999,2282.16,587.51697,1844.0563,632.70984,489.1658,336.15466,2874.2356,47473.72,2007
598,Delaware,8893.741,1914.9331,988.51965,1509.392,518.32465,551.0187,357.0489,3054.5042,871.749,2007
599,District of Columbia,14781.227,2477.7751,214.20116,3780.0293,925.52454,182.04436,871.1499,6330.5024,574.404,2007
600,Maryland,7567.728,1896.507,777.8126,1243.5496,375.62952,487.6846,314.44254,2472.102,5653.408,2007
601,New Jersey,8636.426,2726.4375,548.2933,1387.2273,440.97714,404.8673,352.38507,2776.238,8677.885,2007
602,New York,10662.013,2506.3818,570.56415,2333.1814,898.8992,492.78873,399.46243,3460.7354,19132.336,2007
603,Pennsylvania,7281.566,1823.9229,544.0407,1619.6704,470.01486,552.28955,212.4003,2059.227,12563.937,2007
604,Great Lakes,7103.641,1745.5251,714.738,1239.4454,546.1344,450.18475,258.65906,2148.9543,46187.992,2007
605,Illinois,7185.603,1693.4393,603.9824,1145.7913,407.88782,524.4859,319.34213,2490.6743,12695.866,2007
606,Indiana,6600.9355,1571.2676,720.9265,1123.1349,581.5079,380.90607,175.33736,2047.8553,6379.599,2007
607,Michigan,6967.832,1893.6108,843.6089,1093.4181,636.69574,379.2408,231.87193,1889.3856,10001.284,2007
608,Ohio,7355.0303,1792.3984,650.7093,1491.4635,632.244,409.08344,257.46744,2121.6643,11500.468,2007
609,Wisconsin,7216.575,1701.4764,859.8415,1327.3423,480.80685,571.5348,266.2773,2009.2961,5610.775,2007
610,Plains,6991.5044,1623.2158,740.43536,1267.8488,628.9715,597.8653,231.69478,1901.4728,20105.697,2007
611,Iowa,7213.112,1635.9247,943.0607,1203.1097,878.28204,621.2775,195.53636,1735.921,2999.212,2007
612,Kansas,6956.3174,1609.1771,860.57294,1077.711,700.63135,597.37555,243.53569,1867.3137,2783.785,2007
613,Minnesota,7863.381,1778.3856,704.1838,1808.0709,520.5616,615.12524,271.1465,2165.907,5207.203,2007
614,Missouri,6196.515,1515.6697,564.35815,999.30176,645.1281,503.00427,235.16766,1733.8853,5887.612,2007
615,Nebraska,6977.268,1699.0115,837.4518,1164.4989,682.6437,564.97614,199.7174,1828.9688,1783.44,2007
616,North Dakota,7215.0034,1488.4547,1093.681,1132.4113,149.58595,905.0553,159.31755,2286.4978,652.822,2007
617,South Dakota,6300.945,1343.9807,588.419,970.0527,299.77402,923.6379,173.43861,2001.6422,791.623,2007
618,Southeast,6786.392,1562.627,632.6808,1102.1029,708.7896,484.1696,246.39505,2049.6272,76122.85,2007
619,Alabama,6592.7812,1523.8492,921.2355,1018.2412,968.42645,420.4961,210.35066,1530.1821,4672.84,2007
620,Arkansas,5975.2812,1538.4628,724.6671,1277.2043,417.46863,405.29514,168.07681,1444.1064,2848.65,2007
621,Florida,7118.435,1589.5187,443.2218,1010.6598,585.928,533.27484,342.31104,2613.5212,18367.842,2007
622,Georgia,6809.5464,1815.0704,512.2526,1004.316,719.6667,688.5921,228.4972,1841.1515,9349.988,2007
623,Kentucky,6368.289,1380.2076,704.4287,1353.8849,490.6986,553.53076,147.65103,1737.8875,4256.672,2007
624,Louisiana,7914.705,1514.1141,615.0966,1109.4778,823.51074,505.60577,276.96506,3069.9353,4375.581,2007
625,Mississippi,7557.604,1396.0917,787.214,1379.4912,1033.231,640.51874,191.71922,2129.3384,2928.35,2007
626,North Carolina,6392.604,1380.9836,826.2584,1074.7386,828.90155,365.23926,222.88657,1693.5958,9118.037,2007
627,South Carolina,7008.201,1688.1104,669.8887,1208.5221,1126.6974,313.09103,202.58679,1799.305,4444.11,2007
628,Tennessee,5850.7456,1239.7574,488.4076,1233.3842,734.7033,369.76035,220.00406,1564.7288,6175.727,2007
629,Virginia,6856.2676,1833.7642,769.77356,990.96967,554.55695,387.29105,246.18785,2073.7244,7751.0,2007
630,West Virginia,6418.752,1488.0048,748.56274,1319.0433,343.98862,573.69635,146.83662,1798.6198,1834.052,2007
631,Southwest,6331.8354,1634.698,702.8015,970.4346,527.2537,489.4665,241.58221,1765.5988,35624.082,2007
632,Arizona,6364.7266,1379.6239,636.46063,1066.8499,428.0836,438.38275,330.95355,2084.3723,6167.681,2007
633,New Mexico,8139.476,1623.0087,984.9126,1617.8351,677.3596,665.44543,300.84067,2270.074,1990.07,2007
634,Oklahoma,6237.8237,1492.5925,778.99066,1215.925,464.22427,478.37122,197.33218,1610.388,3634.349,2007
635,Texas,6186.7144,1723.3578,684.7942,853.9848,549.9963,489.68393,220.2528,1664.6443,23831.982,2007
636,Rocky Mountain,6895.2666,1528.315,805.7052,875.208,612.1476,519.85236,246.7111,2307.3276,10406.301,2007
637,Colorado,6952.4707,1592.9834,745.09686,787.423,590.9638,444.64316,272.15237,2519.2083,4803.868,2007
638,Idaho,5928.112,1268.3394,615.36835,1005.0109,627.64856,519.05347,199.01733,1693.674,1505.105,2007
639,Montana,6889.093,1481.7291,781.6319,1046.0151,325.29288,756.40247,213.17168,2284.8496,964.706,2007
640,Utah,6447.004,1360.3093,995.8772,839.14746,511.9242,450.0344,223.05952,2066.652,2597.746,2007
641,Wyoming,11291.236,2579.0444,1005.4461,1165.4402,1762.917,1110.018,327.7844,3340.5854,534.876,2007
642,Far West [2],8293.962,1799.3433,740.2096,1194.6061,788.2939,437.2645,351.00607,2983.2383,49035.387,2007
643,California,8651.366,1887.6791,739.43146,1263.7595,818.7244,391.33728,382.19357,3168.241,36250.312,2007
644,Nevada,6621.6875,1589.4647,532.9852,719.6756,487.26987,687.8729,378.3713,2226.048,2601.072,2007
645,Oregon,7084.6357,1450.8982,800.161,1020.7768,596.86597,522.7762,257.87332,2435.2844,3722.417,2007
646,Washington,7658.714,1588.9877,793.4549,1097.967,849.0289,544.7792,218.67677,2565.819,6461.587,2007
647,Alaska,15193.063,2787.2424,920.62915,2097.4746,606.21344,2058.5977,346.37366,6376.532,680.3,2007
648,Hawaii,8360.616,1641.9792,783.45184,1153.978,839.92017,384.62766,232.04135,3324.6182,1315.675,2007
649,New England,7713.7446,1862.357,587.4645,1597.4905,381.7399,395.6542,245.2854,2643.7532,14245.54,2006
650,Connecticut,7805.388,2077.9275,602.25165,1317.7386,529.50256,362.16843,257.3121,2658.487,3517.46,2006
651,Maine,7514.3037,1605.3948,540.3088,1886.1803,465.60074,603.0323,167.18407,2246.6028,1323.619,2006
652,Massachusetts,7999.401,1810.9053,547.8474,1711.1749,367.68146,338.36374,260.71155,2962.7168,6410.084,2006
653,New Hampshire,6224.3867,1747.7853,582.19916,1124.7855,137.48816,473.99207,209.65096,1948.4855,1308.389,2006
654,Rhode Island,7684.894,1840.6023,560.9982,1947.9097,260.50046,371.83282,269.40277,2433.6475,1063.096,2006
655,Vermont,7858.043,1998.3384,1068.0889,1788.737,233.77246,609.75256,218.27379,1941.0797,622.892,2006
656,Mideast,8657.395,2181.525,556.5577,1805.4246,591.2092,467.92792,327.6799,2727.0703,47334.434,2006
657,Delaware,8689.34,1880.8777,1003.7276,1445.0055,465.81042,721.20807,332.70294,2840.008,859.268,2006
658,District of Columbia,14126.059,2436.2612,196.96292,3225.713,1172.6323,146.58627,862.69214,6085.2104,570.681,2006
659,Maryland,6998.242,1727.7341,719.8681,1156.7915,353.9609,431.97058,285.14258,2322.7747,5627.367,2006
660,New Jersey,8429.786,2700.3313,566.4928,1436.0544,336.5696,411.657,347.53632,2631.1445,8661.679,2006
661,New York,10070.763,2379.0308,511.40082,2259.9817,836.5968,455.75436,396.88324,3231.115,19104.63,2006
662,Pennsylvania,7151.332,1733.88,530.8692,1618.7444,481.59155,538.91174,202.63933,2044.6958,12510.809,2006
663,Great Lakes,6767.4224,1669.309,687.6237,1167.5261,544.518,418.61734,243.09229,2036.7362,46071.574,2006
664,Illinois,6677.396,1636.2435,586.828,1063.4171,389.72742,424.68112,298.57446,2277.9243,12643.955,2006
665,Indiana,6317.051,1543.3853,682.79126,1037.882,598.9936,378.01675,164.03131,1911.9507,6332.669,2006
666,Michigan,6563.7686,1717.1038,826.81635,988.6617,643.5131,360.8222,225.68211,1801.1693,10036.081,2006
667,Ohio,7148.253,1731.1467,620.3676,1449.8782,633.7403,404.0761,234.23657,2074.8074,11481.213,2006
668,Wisconsin,7065.368,1673.9459,809.5911,1291.3588,471.77872,584.89294,256.63867,1977.1621,5577.655,2006
669,Plains,6637.2817,1537.6796,706.1108,1236.6052,556.9662,590.90204,213.283,1795.735,19956.982,2006
670,Iowa,6909.1064,1562.9794,926.9071,1183.4764,790.71924,624.4272,190.94066,1629.6565,2982.644,2006
671,Kansas,6505.4565,1490.2161,827.83575,1033.6176,452.39096,647.115,229.76543,1824.5157,2762.931,2006
672,Minnesota,7458.8813,1723.3636,658.9282,1707.2563,485.78625,589.9044,251.93883,2041.7039,5163.555,2006
673,Missouri,5906.729,1425.7804,528.9897,1026.5353,632.9648,471.82248,201.78072,1618.8555,5842.704,2006
674,Nebraska,6584.657,1533.8438,818.5698,1129.6378,559.1487,619.27136,188.5442,1735.6417,1772.693,2006
675,North Dakota,6952.253,1461.3102,1019.0477,1122.4551,156.01411,882.7804,163.22977,2147.4158,649.422,2006
676,South Dakota,5958.173,1291.3019,554.1861,955.9022,265.47668,853.6613,168.66467,1868.98,783.033,2006
677,Southeast,6383.9272,1456.4266,600.3428,1053.4314,681.0087,437.3419,234.7384,1920.6373,75065.945,2006
678,Alabama,6313.0293,1415.4768,808.54144,971.95325,1015.1251,414.81073,199.39075,1487.7311,4628.981,2006
679,Arkansas,5665.9937,1463.9082,675.31696,1181.8818,387.57358,400.85144,166.88763,1389.5741,2821.761,2006
680,Florida,6764.1978,1432.3793,409.90945,988.853,553.49756,496.40628,326.28455,2556.8674,18166.99,2006
681,Georgia,6062.5723,1682.5693,494.88843,927.6047,632.78107,413.2652,214.27687,1697.1866,9155.813,2006
682,Kentucky,6098.8135,1336.281,651.62177,1346.4948,431.4214,444.67117,156.86407,1731.4591,4219.239,2006
683,Louisiana,7082.685,1385.8091,570.4511,1060.156,891.92975,489.63004,271.23886,2413.4705,4302.665,2006
684,Mississippi,6622.1035,1375.7722,733.7374,1291.4796,924.4504,593.08984,193.16394,1510.41,2904.978,2006
685,North Carolina,6151.0845,1289.856,882.065,988.384,830.8517,374.84634,214.07416,1571.0073,8917.27,2006
686,South Carolina,6669.3755,1592.2114,643.7209,1093.6912,1082.9026,389.35556,196.01125,1671.4828,4357.847,2006
687,Tennessee,5654.3667,1219.336,467.63943,1247.0404,674.2051,359.06522,198.77837,1488.3021,6088.766,2006
688,Virginia,6566.569,1713.8745,694.1823,947.4285,560.48645,383.47308,226.36906,2040.7546,7673.725,2006
689,West Virginia,6255.5923,1424.4159,688.5479,1284.3933,328.96332,602.95465,129.59814,1796.7189,1827.912,2006
690,Southwest,6011.4736,1556.0869,678.5623,949.9926,467.27542,462.9013,221.72406,1674.9312,34944.95,2006
691,Arizona,5918.9883,1283.3905,592.94464,1005.05,396.89502,409.09344,280.71695,1950.898,6029.141,2006
692,New Mexico,7497.0967,1557.5696,954.2529,1380.6355,624.2138,608.3245,259.1659,2112.9346,1962.137,2006
693,Oklahoma,5803.256,1396.2318,731.8359,1132.3508,392.14877,416.81064,187.02592,1546.8519,3594.09,2006
694,Texas,5942.593,1650.941,669.3065,871.55194,483.81726,471.66556,208.69156,1586.6189,23359.58,2006
695,Rocky Mountain,6515.796,1477.2681,747.07,847.91144,572.66406,508.91428,235.06966,2126.8984,10189.958,2006
696,Colorado,6521.6875,1571.4956,672.8774,743.35394,522.92706,438.17303,254.87376,2317.9866,4720.423,2006
697,Idaho,5735.9424,1264.3373,606.2721,997.8477,591.34906,503.8705,188.05531,1584.2106,1468.669,2006
698,Montana,6533.1113,1417.9902,702.3424,902.997,474.8177,731.17126,200.15178,2103.641,952.692,2006
699,Utah,6173.696,1302.9847,944.24884,878.9542,454.31473,436.62204,221.69925,1934.8721,2525.507,2006
700,Wyoming,10275.392,2174.7632,941.5364,1120.4955,1719.5652,1106.1747,316.5706,2896.286,522.667,2006
701,Far West [2],7787.2847,1700.4213,683.3264,1171.3362,716.6831,446.57724,324.23032,2744.7104,48585.496,2006
702,California,8101.311,1779.9337,675.6097,1239.0078,728.3436,430.02847,349.70914,2898.6787,36021.203,2006
703,Nevada,6359.247,1509.8948,464.50766,672.5426,439.38617,580.69305,352.46832,2339.7544,2522.658,2006
704,Oregon,6916.5034,1402.0427,802.5538,1056.143,611.91626,489.6702,255.6039,2298.5735,3670.883,2006
705,Washington,7078.952,1498.2181,744.905,1052.5957,820.9229,462.20926,208.53076,2291.5703,6370.753,2006
706,Alaska,13859.829,2661.4434,857.03876,2137.7874,443.8118,1930.6947,318.5804,5510.472,675.302,2006
707,Hawaii,7517.313,1479.1052,714.4139,1102.8417,706.14575,339.88965,212.77957,2962.1372,1309.731,2006
708,New England,7341.7534,1759.7823,528.11096,1519.9749,365.03555,389.92468,232.53407,2546.391,14216.656,2005
709,Connecticut,7377.8584,1933.5417,555.3728,1238.5576,499.32648,361.18787,238.81737,2551.0542,3506.956,2005
710,Maine,7201.5107,1557.8035,507.3617,1769.4753,473.71637,534.96436,163.88469,2194.3052,1318.787,2005
711,Massachusetts,7580.6777,1718.8981,486.60376,1578.2096,348.89688,358.73917,245.73976,2843.5906,6403.29,2005
712,New Hampshire,6046.883,1642.9412,518.59467,1250.4706,139.11522,411.5243,194.80212,1889.4348,1298.492,2005
713,Rhode Island,7387.5996,1722.333,483.23465,1947.2983,248.49333,352.4781,272.8548,2360.9077,1067.916,2005
714,Vermont,7600.6826,1937.6656,943.13885,1807.4596,215.1268,584.9215,216.23431,1896.1357,621.215,2005
715,Mideast,8241.965,2031.0234,540.45984,1759.4226,566.7593,459.52478,312.42288,2572.352,47239.24,2005
716,Delaware,8098.3423,1721.7334,967.0709,1328.1654,436.57812,722.48004,281.1797,2641.1348,845.15,2005
717,District of Columbia,12554.569,2452.5352,180.17195,3105.8035,1128.8967,139.72662,768.80853,4778.6265,567.136,2005
718,Maryland,6572.1763,1602.2301,688.62946,1065.5018,337.85837,403.6679,267.23724,2207.0515,5592.379,2005
719,New Jersey,7761.711,2423.03,552.98883,1295.4594,359.95935,363.1451,327.2169,2439.9111,8651.974,2005
720,New York,9623.422,2216.2307,492.84592,2228.7783,789.2411,461.76407,385.18707,3049.3748,19132.61,2005
721,Pennsylvania,7016.093,1668.3876,525.8203,1640.2064,454.62134,544.86914,191.94899,1990.2389,12449.99,2005
722,Great Lakes,6584.503,1656.1968,667.4677,1123.6869,536.65314,405.89044,236.84122,1957.7667,45949.14,2005
723,Illinois,6500.5034,1574.0537,588.18365,1042.6946,422.57773,418.35318,283.0144,2171.6262,12609.903,2005
724,Indiana,6092.6636,1535.2738,675.4549,974.07184,574.3108,365.5148,167.55588,1800.4817,6278.616,2005
725,Michigan,6629.387,1845.2747,785.1059,1001.13776,627.9961,362.80334,226.49637,1780.5732,10051.137,2005
726,Ohio,6801.822,1666.5895,588.3693,1334.9875,613.41376,384.61414,229.56935,1984.278,11463.32,2005
727,Wisconsin,6801.7637,1615.7118,788.98395,1262.5636,429.19324,545.3239,244.07402,1915.9131,5546.166,2005
728,Plains,6358.475,1461.6119,663.1072,1259.7251,507.39883,552.79987,202.03366,1711.7985,19802.73,2005
729,Iowa,6480.7065,1476.7499,854.67004,1091.6711,749.8035,604.55347,179.89957,1523.3591,2964.454,2005
730,Kansas,6136.5894,1385.6364,781.6682,1007.0557,430.93375,619.44727,216.49664,1695.3516,2745.299,2005
731,Minnesota,7305.1333,1637.137,608.99274,1780.4552,446.66223,553.8728,231.6551,2046.3585,5119.598,2005
732,Missouri,5632.524,1354.6176,500.37976,1096.3816,554.98645,420.41086,200.14214,1505.6056,5790.3,2005
733,Nebraska,6261.577,1477.7794,782.7717,1148.0026,472.187,582.60785,169.52739,1628.701,1761.497,2005
734,North Dakota,6729.1704,1416.5618,981.16205,1105.7021,152.49756,808.19824,154.53288,2110.5156,646.089,2005
735,South Dakota,5758.7793,1313.6276,546.58777,960.6018,272.76843,819.95197,167.42639,1677.8153,775.493,2005
736,Southeast,6067.291,1355.06,572.89954,1078.0798,646.8533,409.6837,219.57095,1785.1438,74148.38,2005
737,Alabama,6030.5073,1270.3582,763.92755,964.1683,1033.7281,380.99832,179.82605,1437.5007,4569.805,2005
738,Arkansas,5369.383,1382.4321,613.43634,1147.1653,359.78177,400.32477,160.34248,1305.8998,2781.097,2005
739,Florida,6350.7437,1306.6996,401.62323,988.33606,521.83276,445.86627,315.86813,2370.5176,17842.037,2005
740,Georgia,5884.9824,1588.541,496.93207,988.5129,557.8226,418.2302,193.48679,1641.457,8925.922,2005
741,Kentucky,5686.7515,1266.9277,613.3907,1295.6484,393.61523,390.4795,144.37132,1582.3187,4182.742,2005
742,Louisiana,6235.398,1283.0586,519.4143,981.4997,841.01874,389.94846,231.58536,1988.8728,4576.628,2005
743,Mississippi,6141.2793,1219.9861,696.21185,1401.2085,854.1272,450.13684,177.24918,1342.3597,2905.943,2005
744,North Carolina,5963.9385,1233.0469,850.30994,1035.8342,804.09064,407.90753,196.47697,1436.2723,8705.407,2005
745,South Carolina,6557.922,1496.1069,609.38776,1211.748,1035.2634,385.8101,174.63766,1644.968,4270.15,2005
746,Tennessee,5668.133,1167.5123,456.5862,1441.7244,645.8925,319.1839,196.10146,1441.132,5991.057,2005
747,Virginia,6141.8955,1590.945,643.62854,888.4087,539.0989,390.26648,213.33716,1876.2107,7577.105,2005
748,West Virginia,6021.7163,1342.2091,603.3946,1285.503,327.62573,571.7674,123.074974,1768.1412,1820.492,2005
749,Southwest,5785.491,1490.6412,663.195,939.9871,454.91367,418.11813,211.67514,1606.9612,34098.07,2005
750,Arizona,5648.128,1188.8225,590.55615,1012.4182,385.41315,354.56357,262.4783,1853.8762,5839.077,2005
751,New Mexico,7218.223,1535.556,882.3593,1546.2859,539.1161,502.8195,245.72136,1966.365,1932.274,2005
752,Oklahoma,5386.959,1327.3849,705.9849,1060.9379,365.45935,372.81805,176.5137,1377.86,3548.597,2005
753,Texas,5761.252,1589.6346,656.5577,851.14435,479.52295,434.28214,201.24161,1548.8688,22778.123,2005
754,Rocky Mountain,6250.616,1412.1497,707.345,807.93164,553.95935,501.30798,231.57584,2036.3467,9972.107,2005
755,Colorado,6251.8843,1493.2693,629.8287,697.8731,514.65686,476.45346,257.62518,2182.1775,4631.888,2005
756,Idaho,5649.3535,1245.8577,605.33344,983.8851,549.25116,478.84845,182.56023,1603.6173,1428.241,2005
757,Montana,6117.6924,1328.7155,653.0483,855.73376,432.86578,686.734,190.93141,1969.664,940.102,2005
758,Utah,5899.5093,1266.8507,888.3566,838.333,456.25925,382.78055,214.87321,1852.0559,2457.719,2005
759,Wyoming,9830.768,1990.3959,923.06244,1077.9237,1609.5298,1015.1374,287.2177,2927.5007,514.157,2005
760,Far West [2],7431.7217,1641.2246,656.3307,1175.1436,693.8138,378.13626,309.5978,2577.475,48130.594,2005
761,California,7678.002,1723.7804,649.5491,1238.1063,711.5883,340.79047,332.6841,2681.503,35827.94,2005
762,Nevada,6140.004,1353.383,436.1002,673.2273,440.47534,639.6199,322.07236,2275.126,2432.143,2005
763,Oregon,6566.5586,1355.3306,755.62726,1053.4138,522.7405,462.13913,251.71912,2165.5881,3613.202,2005
764,Washington,7023.2295,1445.4946,723.4241,1080.0126,789.2946,441.82806,205.98341,2337.1921,6257.305,2005
765,Alaska,13187.675,2593.105,819.3887,2072.4587,442.9609,1802.3198,309.18094,5148.2607,666.946,2005
766,Hawaii,7216.6016,1336.8633,681.0608,1113.6572,645.8902,360.95114,207.26927,2870.9094,1292.729,2005
