,total,elementary_and_secondary_edu,higher_edu,public_welfare,health_and_hospitals,highways,police,all_other,population_thousands,year,hispanic,white,black,asian,indigneous,total_correctional_pop,AK,AL,AR,AZ,CA,CO,CT,DE,FL,GA,HI,IA,ID,IL,IN,KS,KY,LA,MA,MD,ME,MI,MN,MO,MS,MT,NC,ND,NE,NH,NJ,NM,NV,NY,OH,OK,OR,PA,RI,SC,SD,TN,TX,UT,VA,VT,WA,WI,WV,WY
0,9429.9697265625,2406.11669921875,726.0155029296875,1729.5460205078125,575.0136108398438,600.2787475585938,311.7522888183594,3081.246337890625,3594.9150390625,2013,16.1,66.7,9.9,4.5,0.2,62900,0,0,0,0,0,0,1,0,0,0,0,0,0,0,0,0,0,0,0,0,0,0,0,0,0,0,0,0,0,0,0,0,0,0,0,0,0,0,0,0,0,0,0,0,0,0,0,0,0,0
1,9964.0107421875,2471.669921875,809.2716674804688,1903.366943359375,603.080322265625,631.5563354492188,316.2894592285156,3228.77587890625,3594.782958984375,2014,16.1,66.7,9.9,4.5,0.2,62300,0,0,0,0,0,0,1,0,0,0,0,0,0,0,0,0,0,0,0,0,0,0,0,0,0,0,0,0,0,0,0,0,0,0,0,0,0,0,0,0,0,0,0,0,0,0,0,0,0,0
2,9366.4931640625,2557.038818359375,870.3071899414062,1045.7344970703123,637.7113037109375,656.7183227539062,326.85491943359375,3272.128173828125,3587.509033203125,2015,16.1,66.7,9.9,4.5,0.2,61000,0,0,0,0,0,0,1,0,0,0,0,0,0,0,0,0,0,0,0,0,0,0,0,0,0,0,0,0,0,0,0,0,0,0,0,0,0,0,0,0,0,0,0,0,0,0,0,0,0,0
3,9717.14453125,2636.657958984375,940.940673828125,1076.9329833984377,657.802001953125,718.7044677734375,349.10528564453125,3337.001220703125,3578.674072265625,2016,16.1,66.7,9.9,4.5,0.2,59600,0,0,0,0,0,0,1,0,0,0,0,0,0,0,0,0,0,0,0,0,0,0,0,0,0,0,0,0,0,0,0,0,0,0,0,0,0,0,0,0,0,0,0,0,0,0,0,0,0,0
4,8253.3564453125,1684.84765625,596.05810546875,2294.156982421875,370.8119812011719,691.873779296875,193.318603515625,2422.289306640625,1328.196044921875,2013,1.6,93.4,1.2,1.1,0.6,10500,0,0,0,0,0,0,0,0,0,0,0,0,0,0,0,0,0,0,0,0,1,0,0,0,0,0,0,0,0,0,0,0,0,0,0,0,0,0,0,0,0,0,0,0,0,0,0,0,0,0
5,8528.9169921875,1725.038330078125,606.8314208984375,2644.05908203125,365.4205017089844,645.2620849609375,197.48114013671875,2344.823974609375,1330.760009765625,2014,1.6,93.4,1.2,1.1,0.6,10100,0,0,0,0,0,0,0,0,0,0,0,0,0,0,0,0,0,0,0,0,1,0,0,0,0,0,0,0,0,0,0,0,0,0,0,0,0,0,0,0,0,0,0,0,0,0,0,0,0,0
6,8174.49462890625,1783.37939453125,593.1904296875,2299.9404296875,325.73822021484375,670.6742553710938,199.6952972412109,2301.87646484375,1328.4840087890625,2015,1.6,93.4,1.2,1.1,0.6,10100,0,0,0,0,0,0,0,0,0,0,0,0,0,0,0,0,0,0,0,0,1,0,0,0,0,0,0,0,0,0,0,0,0,0,0,0,0,0,0,0,0,0,0,0,0,0,0,0,0,0
7,8535.830078125,1821.1759033203125,610.7700805664062,2385.232421875,337.0347900390625,756.227783203125,217.7831878662109,2407.605712890625,1331.3699951171875,2016,1.6,93.4,1.2,1.1,0.6,10300,0,0,0,0,0,0,0,0,0,0,0,0,0,0,0,0,0,0,0,0,1,0,0,0,0,0,0,0,0,0,0,0,0,0,0,0,0,0,0,0,0,0,0,0,0,0,0,0,0,0
8,9845.2255859375,2201.459716796875,740.3748168945312,2506.07666015625,351.56414794921875,452.9996032714844,335.2963562011719,3257.4541015625,6713.94384765625,2013,11.8,71.5,7.0,6.6,0.1,91100,0,0,0,0,0,0,0,0,0,0,0,0,0,0,0,0,0,0,1,0,0,0,0,0,0,0,0,0,0,0,0,0,0,0,0,0,0,0,0,0,0,0,0,0,0,0,0,0,0,0
9,10290.794921875,2251.688720703125,732.6690063476562,2683.30224609375,350.226318359375,519.4696655273439,378.3981018066406,3375.040771484375,6763.65185546875,2014,11.8,71.5,7.0,6.6,0.1,90300,0,0,0,0,0,0,0,0,0,0,0,0,0,0,0,0,0,0,1,0,0,0,0,0,0,0,0,0,0,0,0,0,0,0,0,0,0,0,0,0,0,0,0,0,0,0,0,0,0,0
10,10605.564453125,2279.402099609375,757.9014892578125,2901.685791015625,405.263427734375,582.317626953125,357.0274963378906,3321.96630859375,6795.89111328125,2015,11.8,71.5,7.0,6.6,0.1,86900,0,0,0,0,0,0,0,0,0,0,0,0,0,0,0,0,0,0,1,0,0,0,0,0,0,0,0,0,0,0,0,0,0,0,0,0,0,0,0,0,0,0,0,0,0,0,0,0,0,0
11,11026.7841796875,2268.106689453125,760.9811401367188,3202.3369140625,443.9345397949219,563.2904663085938,368.5096435546875,3419.62451171875,6826.02197265625,2016,11.8,71.5,7.0,6.6,0.1,82900,0,0,0,0,0,0,0,0,0,0,0,0,0,0,0,0,0,0,1,0,0,0,0,0,0,0,0,0,0,0,0,0,0,0,0,0,0,0,0,0,0,0,0,0,0,0,0,0,0,0
12,7277.1689453125,2026.9759521484373,638.2161254882812,1113.0179443359377,117.1894302368164,600.4336547851562,275.45822143554693,2505.87744140625,1326.407958984375,2013,3.8,90.3,1.3,2.7,0.1,11100,0,0,0,0,0,0,0,0,0,0,0,0,0,0,0,0,0,0,0,0,0,0,0,0,0,0,0,0,0,1,0,0,0,0,0,0,0,0,0,0,0,0,0,0,0,0,0,0,0,0
13,7315.9814453125,2069.216552734375,640.3504638671875,1155.650634765625,122.1498565673828,588.439453125,299.1614990234375,2441.01318359375,1333.2230224609375,2014,3.8,90.3,1.3,2.7,0.1,11200,0,0,0,0,0,0,0,0,0,0,0,0,0,0,0,0,0,0,0,0,0,0,0,0,0,0,0,0,0,1,0,0,0,0,0,0,0,0,0,0,0,0,0,0,0,0,0,0,0,0
14,7620.8544921875,2136.772216796875,675.0565185546875,1408.66455078125,132.4468994140625,540.9528198242189,299.9886169433594,2426.97265625,1336.2939453125,2015,3.8,90.3,1.3,2.7,0.1,10900,0,0,0,0,0,0,0,0,0,0,0,0,0,0,0,0,0,0,0,0,0,0,0,0,0,0,0,0,0,1,0,0,0,0,0,0,0,0,0,0,0,0,0,0,0,0,0,0,0,0
15,8039.16552734375,2178.266357421875,733.9152221679688,1683.00537109375,147.72198486328125,533.7965087890625,293.3551330566406,2469.10498046875,1342.373046875,2016,3.8,90.3,1.3,2.7,0.1,10800,0,0,0,0,0,0,0,0,0,0,0,0,0,0,0,0,0,0,0,0,0,0,0,0,0,0,0,0,0,1,0,0,0,0,0,0,0,0,0,0,0,0,0,0,0,0,0,0,0,0
16,8860.2421875,2155.472900390625,625.5238647460938,2126.35498046875,262.3829345703125,424.8541870117188,350.0410461425781,2915.61181640625,1055.1219482421877,2013,15.4,72.1,5.4,3.6,0.3,24600,0,0,0,0,0,0,0,0,0,0,0,0,0,0,0,0,0,0,0,0,0,0,0,0,0,0,0,0,0,0,0,0,0,0,0,0,0,0,1,0,0,0,0,0,0,0,0,0,0,0
17,9314.1845703125,2168.787109375,616.086669921875,2402.83447265625,268.30438232421875,450.40655517578125,375.3898010253906,3032.37548828125,1056.0169677734377,2014,15.4,72.1,5.4,3.6,0.3,25100,0,0,0,0,0,0,0,0,0,0,0,0,0,0,0,0,0,0,0,0,0,0,0,0,0,0,0,0,0,0,0,0,0,0,0,0,0,0,1,0,0,0,0,0,0,0,0,0,0,0
18,9896.7607421875,2220.689208984375,612.727294921875,2772.8193359375,265.17434692382807,420.35443115234375,396.5117492675781,3208.48388671875,1056.1729736328123,2015,15.4,72.1,5.4,3.6,0.3,25300,0,0,0,0,0,0,0,0,0,0,0,0,0,0,0,0,0,0,0,0,0,0,0,0,0,0,0,0,0,0,0,0,0,0,0,0,0,0,1,0,0,0,0,0,0,0,0,0,0,0
19,10045.255859375,2284.401123046875,645.9520263671875,2818.383544921875,281.09109497070307,427.3595886230469,415.502197265625,3172.56591796875,1057.06298828125,2016,15.4,72.1,5.4,3.6,0.3,24300,0,0,0,0,0,0,0,0,0,0,0,0,0,0,0,0,0,0,0,0,0,0,0,0,0,0,0,0,0,0,0,0,0,0,0,0,0,0,1,0,0,0,0,0,0,0,0,0,0,0
20,10442.064453125,2435.031494140625,1210.2132568359375,2611.30419921875,503.4940185546875,914.6135864257812,320.9408264160156,2446.467041015625,626.2119750976562,2013,1.9,92.8,1.2,1.8,0.3,8600,0,0,0,0,0,0,0,0,0,0,0,0,0,0,0,0,0,0,0,0,0,0,0,0,0,0,0,0,0,0,0,0,0,0,0,0,0,0,0,0,0,0,0,0,0,1,0,0,0,0
21,10827.1416015625,2487.167724609375,1224.702392578125,2779.9775390625,566.496826171875,968.22705078125,329.6802062988281,2470.89013671875,625.218017578125,2014,1.9,92.8,1.2,1.8,0.3,8400,0,0,0,0,0,0,0,0,0,0,0,0,0,0,0,0,0,0,0,0,0,0,0,0,0,0,0,0,0,0,0,0,0,0,0,0,0,0,0,0,0,0,0,0,0,1,0,0,0,0
22,11227.1494140625,2541.1796875,1218.044921875,2831.31884765625,611.0377807617188,1054.3876953125,347.8823547363281,2623.2978515625,625.197021484375,2015,1.9,92.8,1.2,1.8,0.3,8000,0,0,0,0,0,0,0,0,0,0,0,0,0,0,0,0,0,0,0,0,0,0,0,0,0,0,0,0,0,0,0,0,0,0,0,0,0,0,0,0,0,0,0,0,0,1,0,0,0,0
23,11595.634765625,2579.171875,1398.058837890625,3013.036376953125,620.8429565429688,964.372314453125,333.85552978515625,2686.297119140625,623.6439819335938,2016,1.9,92.8,1.2,1.8,0.3,7400,0,0,0,0,0,0,0,0,0,0,0,0,0,0,0,0,0,0,0,0,0,0,0,0,0,0,0,0,0,0,0,0,0,0,0,0,0,0,0,0,0,0,0,0,0,1,0,0,0,0
24,9942.11328125,2000.1732177734373,1355.80615234375,2088.29638671875,593.6156616210938,618.44140625,354.324951171875,2931.455810546875,923.6380004882812,2013,9.3,62.2,21.5,4.0,0.2,23700,0,0,0,0,0,0,0,1,0,0,0,0,0,0,0,0,0,0,0,0,0,0,0,0,0,0,0,0,0,0,0,0,0,0,0,0,0,0,0,0,0,0,0,0,0,0,0,0,0,0
25,10082.802734375,2046.2193603515625,1315.34228515625,2243.608154296875,603.365234375,533.7337646484375,367.9492492675781,2972.585205078125,932.5960083007812,2014,9.3,62.2,21.5,4.0,0.2,23300,0,0,0,0,0,0,0,1,0,0,0,0,0,0,0,0,0,0,0,0,0,0,0,0,0,0,0,0,0,0,0,0,0,0,0,0,0,0,0,0,0,0,0,0,0,0,0,0,0,0
26,10101.5185546875,1999.35205078125,1362.8428955078125,2422.520263671875,588.267822265625,497.1632995605469,383.0571594238281,2848.315185546875,941.4130249023438,2015,9.3,62.2,21.5,4.0,0.2,22700,0,0,0,0,0,0,0,1,0,0,0,0,0,0,0,0,0,0,0,0,0,0,0,0,0,0,0,0,0,0,0,0,0,0,0,0,0,0,0,0,0,0,0,0,0,0,0,0,0,0
27,10470.541015625,2054.0341796875,1330.353759765625,2545.734619140625,596.1888427734375,617.4558715820312,373.3818054199219,2953.39208984375,949.2160034179688,2016,9.3,62.2,21.5,4.0,0.2,22400,0,0,0,0,0,0,0,1,0,0,0,0,0,0,0,0,0,0,0,0,0,0,0,0,0,0,0,0,0,0,0,0,0,0,0,0,0,0,0,0,0,0,0,0,0,0,0,0,0,0
28,8854.19921875,2043.998291015625,945.3175048828124,1736.8277587890625,372.3872680664063,480.32666015625,391.5931701660156,2883.748046875,5923.7041015625,2013,10.1,50.7,29.4,6.4,0.2,74800,0,0,0,0,0,0,0,0,0,0,0,0,0,0,0,0,0,0,0,1,0,0,0,0,0,0,0,0,0,0,0,0,0,0,0,0,0,0,0,0,0,0,0,0,0,0,0,0,0,0
29,9275.2763671875,2106.35205078125,1025.46435546875,1864.673583984375,372.8152770996094,519.6898803710939,406.4744873046875,2979.80615234375,5958.1650390625,2014,10.1,50.7,29.4,6.4,0.2,109700,0,0,0,0,0,0,0,0,0,0,0,0,0,0,0,0,0,0,0,1,0,0,0,0,0,0,0,0,0,0,0,0,0,0,0,0,0,0,0,0,0,0,0,0,0,0,0,0,0,0
30,9690.1806640625,2128.48388671875,993.59228515625,2061.638916015625,377.82611083984375,573.6461181640625,430.09130859375,3124.90234375,5986.716796875,2015,10.1,50.7,29.4,6.4,0.2,104500,0,0,0,0,0,0,0,0,0,0,0,0,0,0,0,0,0,0,0,1,0,0,0,0,0,0,0,0,0,0,0,0,0,0,0,0,0,0,0,0,0,0,0,0,0,0,0,0,0,0
31,9758.5224609375,2138.731689453125,1057.4559326171877,2030.203369140625,387.5454406738281,564.5549926757812,442.2110290527344,3137.819580078125,6004.69189453125,2016,10.1,50.7,29.4,6.4,0.2,99000,0,0,0,0,0,0,0,0,0,0,0,0,0,0,0,0,0,0,0,1,0,0,0,0,0,0,0,0,0,0,0,0,0,0,0,0,0,0,0,0,0,0,0,0,0,0,0,0,0,0
32,9597.1044921875,2811.614990234375,670.5912475585938,1546.7039794921875,640.959716796875,570.8838500976562,388.62738037109375,2967.7236328125,8858.3623046875,2013,20.4,54.8,12.8,9.8,0.1,164100,0,0,0,0,0,0,0,0,0,0,0,0,0,0,0,0,0,0,0,0,0,0,0,0,0,0,0,0,0,0,1,0,0,0,0,0,0,0,0,0,0,0,0,0,0,0,0,0,0,0
33,9979.201171875,2944.014404296875,687.8428344726562,1599.87744140625,689.1651611328125,583.585693359375,387.3794250488281,3087.336181640625,8866.7802734375,2014,20.4,54.8,12.8,9.8,0.1,164500,0,0,0,0,0,0,0,0,0,0,0,0,0,0,0,0,0,0,0,0,0,0,0,0,0,0,0,0,0,0,1,0,0,0,0,0,0,0,0,0,0,0,0,0,0,0,0,0,0,0
34,10223.4892578125,2963.817626953125,723.0556640625,1838.1651611328125,632.197265625,571.028076171875,383.0535583496094,3112.171142578125,8870.869140625,2015,20.4,54.8,12.8,9.8,0.1,183500,0,0,0,0,0,0,0,0,0,0,0,0,0,0,0,0,0,0,0,0,0,0,0,0,0,0,0,0,0,0,1,0,0,0,0,0,0,0,0,0,0,0,0,0,0,0,0,0,0,0
35,10443.6826171875,3040.83740234375,787.3292236328125,1892.6556396484373,628.1834106445312,549.2999267578125,396.48834228515625,3148.888916015625,8874.515625,2016,20.4,54.8,12.8,9.8,0.1,186300,0,0,0,0,0,0,0,0,0,0,0,0,0,0,0,0,0,0,0,0,0,0,0,0,0,0,0,0,0,0,1,0,0,0,0,0,0,0,0,0,0,0,0,0,0,0,0,0,0,0
36,12450.794921875,3007.877685546875,688.3787841796875,2944.5556640625,1063.13525390625,502.066650390625,474.293701171875,3770.487548828125,19628.04296875,2013,19.2,55.1,14.3,8.7,0.2,228100,0,0,0,0,0,0,0,0,0,0,0,0,0,0,0,0,0,0,0,0,0,0,0,0,0,0,0,0,0,0,0,0,0,1,0,0,0,0,0,0,0,0,0,0,0,0,0,0,0,0
37,12724.1083984375,3109.12451171875,761.8814086914062,2786.84912109375,1089.133544921875,536.4996337890625,477.52276611328125,3963.0966796875,19656.330078125,2014,19.2,55.1,14.3,8.7,0.2,222100,0,0,0,0,0,0,0,0,0,0,0,0,0,0,0,0,0,0,0,0,0,0,0,0,0,0,0,0,0,0,0,0,0,1,0,0,0,0,0,0,0,0,0,0,0,0,0,0,0,0
38,13115.9638671875,3242.225830078125,698.01318359375,3069.454833984375,1087.9349365234377,560.3815307617189,486.7095947265625,3971.24365234375,19661.41015625,2015,19.2,55.1,14.3,8.7,0.2,216700,0,0,0,0,0,0,0,0,0,0,0,0,0,0,0,0,0,0,0,0,0,0,0,0,0,0,0,0,0,0,0,0,0,1,0,0,0,0,0,0,0,0,0,0,0,0,0,0,0,0
39,13698.3603515625,3365.541259765625,728.1454467773438,3314.1298828125,1189.3323974609375,596.1844482421875,505.223876953125,3999.802490234375,19641.58984375,2016,19.2,55.1,14.3,8.7,0.2,212100,0,0,0,0,0,0,0,0,0,0,0,0,0,0,0,0,0,0,0,0,0,0,0,0,0,0,0,0,0,0,0,0,0,1,0,0,0,0,0,0,0,0,0,0,0,0,0,0,0,0
40,8539.1259765625,2033.5645751953125,750.8482055664062,1958.412353515625,621.9581298828125,695.205810546875,259.28005981445307,2219.8564453125,12776.62109375,2013,7.3,76.4,10.7,3.5,0.1,355600,0,0,0,0,0,0,0,0,0,0,0,0,0,0,0,0,0,0,0,0,0,0,0,0,0,0,0,0,0,0,0,0,0,0,0,0,0,1,0,0,0,0,0,0,0,0,0,0,0,0
41,8708.6884765625,2042.2777099609373,763.7220458984375,2084.4775390625,647.3690185546875,670.5454711914062,277.20901489257807,2223.087646484375,12789.1005859375,2014,7.3,76.4,10.7,3.5,0.1,360800,0,0,0,0,0,0,0,0,0,0,0,0,0,0,0,0,0,0,0,0,0,0,0,0,0,0,0,0,0,0,0,0,0,0,0,0,0,1,0,0,0,0,0,0,0,0,0,0,0,0
42,8968.3193359375,2120.812255859375,795.0115966796875,2091.552978515625,663.7974853515625,763.3786010742188,289.1128234863281,2244.6533203125,12785.7587890625,2015,7.3,76.4,10.7,3.5,0.1,374200,0,0,0,0,0,0,0,0,0,0,0,0,0,0,0,0,0,0,0,0,0,0,0,0,0,0,0,0,0,0,0,0,0,0,0,0,0,1,0,0,0,0,0,0,0,0,0,0,0,0
43,9566.15625,2208.461669921875,841.8592529296875,2358.01025390625,754.7225952148438,826.2576293945312,292.8081359863281,2284.036865234375,12783.5380859375,2016,7.3,76.4,10.7,3.5,0.1,368100,0,0,0,0,0,0,0,0,0,0,0,0,0,0,0,0,0,0,0,0,0,0,0,0,0,0,0,0,0,0,0,0,0,0,0,0,0,1,0,0,0,0,0,0,0,0,0,0,0,0
44,8374.376953125,1938.884033203125,711.6028442382812,1565.485595703125,349.21142578125,564.912841796875,375.77545166015625,2868.505126953125,12898.2685546875,2013,17.2,61.2,14.0,5.4,0.1,222700,0,0,0,0,0,0,0,0,0,0,0,0,0,1,0,0,0,0,0,0,0,0,0,0,0,0,0,0,0,0,0,0,0,0,0,0,0,0,0,0,0,0,0,0,0,0,0,0,0,0
45,8585.818359375,2009.3232421875,731.21435546875,1592.87744140625,335.82379150390625,603.7813720703125,382.8294982910156,2929.968505859375,12888.9619140625,2014,17.2,61.2,14.0,5.4,0.1,219000,0,0,0,0,0,0,0,0,0,0,0,0,0,1,0,0,0,0,0,0,0,0,0,0,0,0,0,0,0,0,0,0,0,0,0,0,0,0,0,0,0,0,0,0,0,0,0,0,0,0
46,8974.53125,2046.7490234375,751.5357055664062,1728.6934814453125,378.4335021972656,689.1231689453125,389.4227294921875,2990.573486328125,12864.341796875,2015,17.2,61.2,14.0,5.4,0.1,215100,0,0,0,0,0,0,0,0,0,0,0,0,0,1,0,0,0,0,0,0,0,0,0,0,0,0,0,0,0,0,0,0,0,0,0,0,0,0,0,0,0,0,0,0,0,0,0,0,0,0
47,8690.716796875,2068.893310546875,740.227783203125,1659.0809326171875,390.5597534179688,741.535400390625,405.4305419921875,2684.98876953125,12826.89453125,2016,17.2,61.2,14.0,5.4,0.1,204200,0,0,0,0,0,0,0,0,0,0,0,0,0,1,0,0,0,0,0,0,0,0,0,0,0,0,0,0,0,0,0,0,0,0,0,0,0,0,0,0,0,0,0,0,0,0,0,0,0,0
48,7075.47802734375,1461.553955078125,895.9485473632812,1653.218505859375,717.580322265625,386.55938720703125,178.24156188964844,1782.3753662109375,6568.3671875,2013,6.9,79.2,9.2,2.2,0.1,179400,0,0,0,0,0,0,0,0,0,0,0,0,0,0,1,0,0,0,0,0,0,0,0,0,0,0,0,0,0,0,0,0,0,0,0,0,0,0,0,0,0,0,0,0,0,0,0,0,0,0
49,7276.80126953125,1459.4583740234375,880.8975219726562,1624.233154296875,923.8473510742188,378.43170166015625,182.21263122558597,1827.720703125,6593.533203125,2014,6.9,79.2,9.2,2.2,0.1,175200,0,0,0,0,0,0,0,0,0,0,0,0,0,0,1,0,0,0,0,0,0,0,0,0,0,0,0,0,0,0,0,0,0,0,0,0,0,0,0,0,0,0,0,0,0,0,0,0,0,0
50,7422.42431640625,1477.7518310546875,887.08740234375,1753.764404296875,859.3281860351562,413.7576599121094,181.79466247558597,1848.9405517578125,6608.2958984375,2015,6.9,79.2,9.2,2.2,0.1,166000,0,0,0,0,0,0,0,0,0,0,0,0,0,0,1,0,0,0,0,0,0,0,0,0,0,0,0,0,0,0,0,0,0,0,0,0,0,0,0,0,0,0,0,0,0,0,0,0,0,0
51,7815.37109375,1502.6278076171875,970.0302124023438,1924.688720703125,913.0427856445312,408.1084899902344,188.9840240478516,1907.8890380859373,6633.34423828125,2016,6.9,79.2,9.2,2.2,0.1,159900,0,0,0,0,0,0,0,0,0,0,0,0,0,0,1,0,0,0,0,0,0,0,0,0,0,0,0,0,0,0,0,0,0,0,0,0,0,0,0,0,0,0,0,0,0,0,0,0,0,0
52,7538.16259765625,1658.970458984375,1057.266357421875,1337.759033203125,866.3645629882812,342.9390869140625,255.92320251464844,2018.93994140625,9913.3486328125,2013,5.1,75.0,13.6,3.1,0.5,253700,0,0,0,0,0,0,0,0,0,0,0,0,0,0,0,0,0,0,0,0,0,1,0,0,0,0,0,0,0,0,0,0,0,0,0,0,0,0,0,0,0,0,0,0,0,0,0,0,0,0
53,7688.07861328125,1645.753662109375,1109.255126953125,1398.4853515625,855.4105834960938,348.1821594238281,241.46774291992188,2089.52392578125,9930.5888671875,2014,5.1,75.0,13.6,3.1,0.5,256700,0,0,0,0,0,0,0,0,0,0,0,0,0,0,0,0,0,0,0,0,0,1,0,0,0,0,0,0,0,0,0,0,0,0,0,0,0,0,0,0,0,0,0,0,0,0,0,0,0,0
54,8031.2978515625,1684.4117431640625,1110.295654296875,1648.9879150390625,860.1145629882812,367.3984680175781,245.08644104003903,2115.003173828125,9932.5732421875,2015,5.1,75.0,13.6,3.1,0.5,250200,0,0,0,0,0,0,0,0,0,0,0,0,0,0,0,0,0,0,0,0,0,1,0,0,0,0,0,0,0,0,0,0,0,0,0,0,0,0,0,0,0,0,0,0,0,0,0,0,0,0
55,8302.5166015625,1703.310791015625,1177.6568603515625,1700.90185546875,904.403076171875,385.2064208984375,252.12054443359372,2178.917236328125,9951.8896484375,2016,5.1,75.0,13.6,3.1,0.5,0,0,0,0,0,0,0,0,0,0,0,0,0,0,0,0,0,0,0,0,0,0,1,0,0,0,0,0,0,0,0,0,0,0,0,0,0,0,0,0,0,0,0,0,0,0,0,0,0,0,0
56,7966.46435546875,1852.6446533203125,842.5023193359375,1828.2747802734373,660.6881713867188,440.87994384765625,279.7758178710937,2061.698486328125,11576.576171875,2013,3.7,78.9,12.2,2.2,0.2,335500,0,0,0,0,0,0,0,0,0,0,0,0,0,0,0,0,0,0,0,0,0,0,0,0,0,0,0,0,0,0,0,0,0,0,1,0,0,0,0,0,0,0,0,0,0,0,0,0,0,0
57,8182.6201171875,1851.279541015625,814.8892211914062,1975.2169189453125,672.86669921875,464.9134216308594,282.62188720703125,2120.832275390625,11602.97265625,2014,3.7,78.9,12.2,2.2,0.2,326300,0,0,0,0,0,0,0,0,0,0,0,0,0,0,0,0,0,0,0,0,0,0,0,0,0,0,0,0,0,0,0,0,0,0,1,0,0,0,0,0,0,0,0,0,0,0,0,0,0,0
58,8539.0283203125,1916.746337890625,813.2154541015625,2253.421875,674.6610717773438,504.9051208496094,294.2889709472656,2081.790283203125,11617.849609375,2015,3.7,78.9,12.2,2.2,0.2,331500,0,0,0,0,0,0,0,0,0,0,0,0,0,0,0,0,0,0,0,0,0,0,0,0,0,0,0,0,0,0,0,0,0,0,1,0,0,0,0,0,0,0,0,0,0,0,0,0,0,0
59,8860.8056640625,1990.86572265625,824.9663696289062,2442.101318359375,683.6224365234375,511.354736328125,314.5022888183594,2093.392333984375,11635.0029296875,2016,3.7,78.9,12.2,2.2,0.2,326200,0,0,0,0,0,0,0,0,0,0,0,0,0,0,0,0,0,0,0,0,0,0,0,0,0,0,0,0,0,0,0,0,0,0,1,0,0,0,0,0,0,0,0,0,0,0,0,0,0,0
60,8228.345703125,1785.0582275390625,1018.443603515625,1680.5501708984375,621.964599609375,733.0946655273438,314.8065490722656,2074.427490234375,5736.9521484375,2013,6.9,81.2,6.3,2.7,0.8,98100,0,0,0,0,0,0,0,0,0,0,0,0,0,0,0,0,0,0,0,0,0,0,0,0,0,0,0,0,0,0,0,0,0,0,0,0,0,0,0,0,0,0,0,0,0,0,0,1,0,0
61,8626.1513671875,1843.03076171875,1064.6763916015623,1934.1138916015625,618.69384765625,762.9736938476562,306.7626953125,2095.899658203125,5751.97412109375,2014,6.9,81.2,6.3,2.7,0.8,97300,0,0,0,0,0,0,0,0,0,0,0,0,0,0,0,0,0,0,0,0,0,0,0,0,0,0,0,0,0,0,0,0,0,0,0,0,0,0,0,0,0,0,0,0,0,0,0,1,0,0
62,8855.7314453125,1884.294677734375,1044.887451171875,2014.55126953125,655.9700927734375,776.5108032226562,315.5977783203125,2163.9189453125,5761.40576171875,2015,6.9,81.2,6.3,2.7,0.8,100600,0,0,0,0,0,0,0,0,0,0,0,0,0,0,0,0,0,0,0,0,0,0,0,0,0,0,0,0,0,0,0,0,0,0,0,0,0,0,0,0,0,0,0,0,0,0,0,1,0,0
63,8848.7763671875,1920.0201416015625,1090.4090576171877,2122.076904296875,638.8944702148438,657.607421875,328.1572570800781,2091.61083984375,5772.9580078125,2016,6.9,81.2,6.3,2.7,0.8,100500,0,0,0,0,0,0,0,0,0,0,0,0,0,0,0,0,0,0,0,0,0,0,0,0,0,0,0,0,0,0,0,0,0,0,0,0,0,0,0,0,0,0,0,0,0,0,0,1,0,0
64,8824.7958984375,1927.3648681640625,1148.5333251953125,1566.994384765625,1146.400146484375,713.0211181640625,223.45379638671875,2099.02783203125,3093.077880859375,2013,5.9,85.9,3.3,2.6,0.2,45900,0,0,0,0,0,0,0,0,0,0,0,1,0,0,0,0,0,0,0,0,0,0,0,0,0,0,0,0,0,0,0,0,0,0,0,0,0,0,0,0,0,0,0,0,0,0,0,0,0,0
65,9145.5576171875,1987.9952392578125,1217.921875,1670.82177734375,1196.7322998046875,781.5873413085938,233.5777740478516,2056.9208984375,3109.50390625,2014,5.9,85.9,3.3,2.6,0.2,46500,0,0,0,0,0,0,0,0,0,0,0,1,0,0,0,0,0,0,0,0,0,0,0,0,0,0,0,0,0,0,0,0,0,0,0,0,0,0,0,0,0,0,0,0,0,0,0,0,0,0
66,9575.1025390625,2050.666015625,1263.7413330078125,1870.5396728515625,1226.653564453125,851.3147583007812,238.70849609375,2073.478759765625,3121.4599609375,2015,5.9,85.9,3.3,2.6,0.2,46700,0,0,0,0,0,0,0,0,0,0,0,1,0,0,0,0,0,0,0,0,0,0,0,0,0,0,0,0,0,0,0,0,0,0,0,0,0,0,0,0,0,0,0,0,0,0,0,0,0,0
67,9759.5400390625,2102.428466796875,1251.246826171875,1959.0029296875,1262.7095947265625,826.065673828125,248.7223663330078,2109.364501953125,3131.784912109375,2016,5.9,85.9,3.3,2.6,0.2,46700,0,0,0,0,0,0,0,0,0,0,0,1,0,0,0,0,0,0,0,0,0,0,0,0,0,0,0,0,0,0,0,0,0,0,0,0,0,0,0,0,0,0,0,0,0,0,0,0,0,0
68,7806.27783203125,1778.4912109375,1055.335205078125,1092.09228515625,1013.267578125,594.9970703125,275.1654663085937,1996.928955078125,2893.510009765625,2013,11.9,75.9,5.5,2.9,0.6,37100,0,0,0,0,0,0,0,0,0,0,0,0,0,0,0,1,0,0,0,0,0,0,0,0,0,0,0,0,0,0,0,0,0,0,0,0,0,0,0,0,0,0,0,0,0,0,0,0,0,0
69,8195.2392578125,1874.6932373046875,1060.3992919921877,1261.1558837890625,1038.323974609375,614.052001953125,260.71047973632807,2085.90478515625,2900.89599609375,2014,11.9,75.9,5.5,2.9,0.6,37400,0,0,0,0,0,0,0,0,0,0,0,0,0,0,0,1,0,0,0,0,0,0,0,0,0,0,0,0,0,0,0,0,0,0,0,0,0,0,0,0,0,0,0,0,0,0,0,0,0,0
70,8386.8427734375,1944.084228515625,1134.050048828125,1325.2711181640625,1005.8223266601562,655.834228515625,270.3046875,2051.476318359375,2909.501953125,2015,11.9,75.9,5.5,2.9,0.6,37400,0,0,0,0,0,0,0,0,0,0,0,0,0,0,0,1,0,0,0,0,0,0,0,0,0,0,0,0,0,0,0,0,0,0,0,0,0,0,0,0,0,0,0,0,0,0,0,0,0,0
71,8658.7412109375,1940.1219482421875,1188.2568359375,1376.157958984375,1149.8514404296875,683.5864868164062,270.89755249023443,2049.869384765625,2911.262939453125,2016,11.9,75.9,5.5,2.9,0.6,38500,0,0,0,0,0,0,0,0,0,0,0,0,0,0,0,1,0,0,0,0,0,0,0,0,0,0,0,0,0,0,0,0,0,0,0,0,0,0,0,0,0,0,0,0,0,0,0,0,0,0
72,8810.25390625,1911.166259765625,858.608154296875,2183.412109375,566.873291015625,708.0340576171875,305.8562927246094,2276.303955078125,5413.69287109375,2013,5.3,79.9,6.4,4.9,1.0,123500,0,0,0,0,0,0,0,0,0,0,0,0,0,0,0,0,0,0,0,0,0,0,1,0,0,0,0,0,0,0,0,0,0,0,0,0,0,0,0,0,0,0,0,0,0,0,0,0,0,0
73,9251.6513671875,1970.159912109375,857.8395385742188,2368.95263671875,578.3702392578125,772.9969482421875,319.2928466796875,2384.0390625,5451.52197265625,2014,5.3,79.9,6.4,4.9,1.0,120500,0,0,0,0,0,0,0,0,0,0,0,0,0,0,0,0,0,0,0,0,0,0,1,0,0,0,0,0,0,0,0,0,0,0,0,0,0,0,0,0,0,0,0,0,0,0,0,0,0,0
74,9523.83203125,2081.896484375,855.8169555664062,2474.373046875,568.7894897460938,803.2666625976562,335.68463134765625,2404.005126953125,5482.5029296875,2015,5.3,79.9,6.4,4.9,1.0,121600,0,0,0,0,0,0,0,0,0,0,0,0,0,0,0,0,0,0,0,0,0,0,1,0,0,0,0,0,0,0,0,0,0,0,0,0,0,0,0,0,0,0,0,0,0,0,0,0,0,0
75,10243.4111328125,2214.206787109375,920.1494750976562,2758.751953125,595.1659545898438,900.7786865234376,345.4904479980469,2508.867919921875,5523.4091796875,2016,5.3,79.9,6.4,4.9,1.0,119500,0,0,0,0,0,0,0,0,0,0,0,0,0,0,0,0,0,0,0,0,0,0,1,0,0,0,0,0,0,0,0,0,0,0,0,0,0,0,0,0,0,0,0,0,0,0,0,0,0,0
76,7174.076171875,1593.6943359375,636.1485595703125,1382.3441162109375,876.1235961914062,428.6701965332031,270.48294067382807,1986.6124267578125,6040.658203125,2013,4.2,79.4,11.4,2.0,0.3,114900,0,0,0,0,0,0,0,0,0,0,0,0,0,0,0,0,0,0,0,0,0,0,0,1,0,0,0,0,0,0,0,0,0,0,0,0,0,0,0,0,0,0,0,0,0,0,0,0,0,0
77,7163.3603515625,1639.46484375,621.0137329101562,1419.3516845703125,866.3350830078125,400.6962585449219,282.03143310546875,1934.46728515625,6056.29296875,2014,4.2,79.4,11.4,2.0,0.3,109500,0,0,0,0,0,0,0,0,0,0,0,0,0,0,0,0,0,0,0,0,0,0,0,1,0,0,0,0,0,0,0,0,0,0,0,0,0,0,0,0,0,0,0,0,0,0,0,0,0,0
78,7383.74658203125,1670.6273193359375,650.302001953125,1468.5762939453125,948.1032104492188,396.1887512207031,283.0014953613281,1966.94775390625,6071.7451171875,2015,4.2,79.4,11.4,2.0,0.3,106000,0,0,0,0,0,0,0,0,0,0,0,0,0,0,0,0,0,0,0,0,0,0,0,1,0,0,0,0,0,0,0,0,0,0,0,0,0,0,0,0,0,0,0,0,0,0,0,0,0,0
79,7546.2490234375,1694.1195068359375,641.2250366210938,1504.555908203125,997.1106567382812,385.7702941894531,295.6260986328125,2027.8419189453125,6087.203125,2016,4.2,79.4,11.4,2.0,0.3,105900,0,0,0,0,0,0,0,0,0,0,0,0,0,0,0,0,0,0,0,0,0,0,0,1,0,0,0,0,0,0,0,0,0,0,0,0,0,0,0,0,0,0,0,0,0,0,0,0,0,0
80,8083.7919921875,2043.2547607421875,1080.12060546875,1334.5150146484375,680.4146118164062,705.1271362304688,227.5618133544922,2012.7982177734373,1865.4139404296875,2013,10.9,79.0,4.5,2.4,0.7,23200,0,0,0,0,0,0,0,0,0,0,0,0,0,0,0,0,0,0,0,0,0,0,0,0,0,0,0,0,1,0,0,0,0,0,0,0,0,0,0,0,0,0,0,0,0,0,0,0,0,0
81,8259.3173828125,2082.731689453125,1088.192626953125,1392.0986328125,680.7145385742188,683.7110595703125,236.16217041015625,2095.706298828125,1879.52197265625,2014,10.9,79.0,4.5,2.4,0.7,22500,0,0,0,0,0,0,0,0,0,0,0,0,0,0,0,0,0,0,0,0,0,0,0,0,0,0,0,0,1,0,0,0,0,0,0,0,0,0,0,0,0,0,0,0,0,0,0,0,0,0
82,8739.228515625,2210.945068359375,1160.367919921875,1353.5185546875,718.9468383789062,766.5887451171875,245.79342651367188,2283.06787109375,1891.5069580078125,2015,10.9,79.0,4.5,2.4,0.7,22300,0,0,0,0,0,0,0,0,0,0,0,0,0,0,0,0,0,0,0,0,0,0,0,0,0,0,0,0,1,0,0,0,0,0,0,0,0,0,0,0,0,0,0,0,0,0,0,0,0,0
83,9000.5087890625,2377.05126953125,1275.855712890625,1339.1656494140625,626.8712768554688,832.2388305664062,258.77264404296875,2290.552978515625,1905.9239501953125,2016,10.9,79.0,4.5,2.4,0.7,23300,0,0,0,0,0,0,0,0,0,0,0,0,0,0,0,0,0,0,0,0,0,0,0,0,0,0,0,0,1,0,0,0,0,0,0,0,0,0,0,0,0,0,0,0,0,0,0,0,0,0
84,10298.1171875,1994.3740234375,1358.6224365234375,1449.4134521484375,297.48931884765625,1849.275390625,217.26206970214844,3131.68017578125,721.9990234375,2013,3.5,84.4,3.0,1.7,5.4,8100,0,0,0,0,0,0,0,0,0,0,0,0,0,0,0,0,0,0,0,0,0,0,0,0,0,0,0,1,0,0,0,0,0,0,0,0,0,0,0,0,0,0,0,0,0,0,0,0,0,0
85,11081.923828125,2064.109130859375,1375.765869140625,1563.91943359375,292.11724853515625,2276.64501953125,223.61273193359372,3285.754150390625,737.3820190429688,2014,3.5,84.4,3.0,1.7,5.4,9300,0,0,0,0,0,0,0,0,0,0,0,0,0,0,0,0,0,0,0,0,0,0,0,0,0,0,0,1,0,0,0,0,0,0,0,0,0,0,0,0,0,0,0,0,0,0,0,0,0,0
86,11959.8193359375,2286.54736328125,1463.4599609375,1912.2491455078125,306.81201171875,2241.319091796875,253.5124969482422,3495.919189453125,754.02197265625,2015,3.5,84.4,3.0,1.7,5.4,10100,0,0,0,0,0,0,0,0,0,0,0,0,0,0,0,0,0,0,0,0,0,0,0,0,0,0,0,1,0,0,0,0,0,0,0,0,0,0,0,0,0,0,0,0,0,0,0,0,0,0
87,12576.9658203125,2483.47509765625,1617.3992919921875,2031.0517578125,306.4613037109375,2386.89990234375,259.52835083007807,3492.150146484375,754.35302734375,2016,3.5,84.4,3.0,1.7,5.4,10300,0,0,0,0,0,0,0,0,0,0,0,0,0,0,0,0,0,0,0,0,0,0,0,0,0,0,0,1,0,0,0,0,0,0,0,0,0,0,0,0,0,0,0,0,0,0,0,0,0,0
88,7468.49365234375,1531.7677001953125,774.6328125,1204.7728271484375,325.9809875488281,1118.8929443359377,207.87989807128903,2304.566162109375,842.27001953125,2013,3.6,82.3,1.9,1.2,8.6,14800,0,0,0,0,0,0,0,0,0,0,0,0,0,0,0,0,0,0,0,0,0,0,0,0,0,0,0,0,0,0,0,0,0,0,0,0,0,0,0,0,1,0,0,0,0,0,0,0,0,0
89,7610.73388671875,1548.974853515625,798.1975708007812,1217.6312255859375,339.7009582519531,1105.491943359375,213.23114013671875,2387.50634765625,849.0880126953125,2014,3.6,82.3,1.9,1.2,8.6,14500,0,0,0,0,0,0,0,0,0,0,0,0,0,0,0,0,0,0,0,0,0,0,0,0,0,0,0,0,0,0,0,0,0,0,0,0,0,0,0,0,1,0,0,0,0,0,0,0,0,0
90,7785.58837890625,1661.329345703125,815.466796875,1304.022705078125,321.8847351074219,1081.5322265625,228.81185913085938,2372.541015625,853.9329833984375,2015,3.6,82.3,1.9,1.2,8.6,15000,0,0,0,0,0,0,0,0,0,0,0,0,0,0,0,0,0,0,0,0,0,0,0,0,0,0,0,0,0,0,0,0,0,0,0,0,0,0,0,0,1,0,0,0,0,0,0,0,0,0
91,8102.36669921875,1658.42919921875,1021.0964965820312,1298.611572265625,323.209228515625,1214.0157470703125,233.2464141845703,2353.7578125,862.8900146484375,2016,3.6,82.3,1.9,1.2,8.6,15000,0,0,0,0,0,0,0,0,0,0,0,0,0,0,0,0,0,0,0,0,0,0,0,0,0,0,0,0,0,0,0,0,0,0,0,0,0,0,0,0,1,0,0,0,0,0,0,0,0,0
92,8173.80126953125,1542.0411376953125,1030.408447265625,1600.33544921875,1250.5284423828125,484.9455261230469,240.8302764892578,2024.712158203125,4830.4599609375,2013,4.1,65.5,26.7,1.3,0.5,115600,0,1,0,0,0,0,0,0,0,0,0,0,0,0,0,0,0,0,0,0,0,0,0,0,0,0,0,0,0,0,0,0,0,0,0,0,0,0,0,0,0,0,0,0,0,0,0,0,0,0
93,8184.216796875,1554.48193359375,971.8602905273438,1621.879150390625,1257.104248046875,471.3453674316406,241.4058074951172,2066.14013671875,4842.48095703125,2014,4.1,65.5,26.7,1.3,0.5,104900,0,1,0,0,0,0,0,0,0,0,0,0,0,0,0,0,0,0,0,0,0,0,0,0,0,0,0,0,0,0,0,0,0,0,0,0,0,0,0,0,0,0,0,0,0,0,0,0,0,0
94,8299.12890625,1544.745849609375,1002.0969848632812,1678.524658203125,1270.9249267578125,491.9629821777344,255.34620666503903,2055.52734375,4853.16015625,2015,4.1,65.5,26.7,1.3,0.5,107500,0,1,0,0,0,0,0,0,0,0,0,0,0,0,0,0,0,0,0,0,0,0,0,0,0,0,0,0,0,0,0,0,0,0,0,0,0,0,0,0,0,0,0,0,0,0,0,0,0,0
95,8260.73828125,1582.94482421875,1003.4174194335938,1727.6112060546875,1393.8221435546875,496.4282836914063,256.8594970703125,1799.6549072265625,4864.7451171875,2016,4.1,65.5,26.7,1.3,0.5,99800,0,1,0,0,0,0,0,0,0,0,0,0,0,0,0,0,0,0,0,0,0,0,0,0,0,0,0,0,0,0,0,0,0,0,0,0,0,0,0,0,0,0,0,0,0,0,0,0,0,0
96,7100.22998046875,1659.0572509765625,880.93115234375,1726.45703125,432.8233947753906,520.730712890625,216.35931396484372,1663.87109375,2959.549072265625,2013,7.4,72.3,15.2,1.6,0.6,69900,0,0,1,0,0,0,0,0,0,0,0,0,0,0,0,0,0,0,0,0,0,0,0,0,0,0,0,0,0,0,0,0,0,0,0,0,0,0,0,0,0,0,0,0,0,0,0,0,0,0
97,7378.55712890625,1643.4256591796875,889.361083984375,1879.9676513671875,446.6099548339844,556.9907836914061,217.50457763671875,1744.697509765625,2967.72607421875,2014,7.4,72.3,15.2,1.6,0.6,69100,0,0,1,0,0,0,0,0,0,0,0,0,0,0,0,0,0,0,0,0,0,0,0,0,0,0,0,0,0,0,0,0,0,0,0,0,0,0,0,0,0,0,0,0,0,0,0,0,0,0
98,7772.8017578125,1685.9039306640625,860.12890625,2213.045166015625,469.519775390625,574.7680053710938,227.46925354003903,1741.966796875,2978.406982421875,2015,7.4,72.3,15.2,1.6,0.6,73200,0,0,1,0,0,0,0,0,0,0,0,0,0,0,0,0,0,0,0,0,0,0,0,0,0,0,0,0,0,0,0,0,0,0,0,0,0,0,0,0,0,0,0,0,0,0,0,0,0,0
99,7957.7724609375,1701.5179443359375,906.7011108398438,2312.323486328125,481.4078979492188,587.6458129882812,227.5266571044922,1740.64990234375,2990.409912109375,2016,7.4,72.3,15.2,1.6,0.6,72100,0,0,1,0,0,0,0,0,0,0,0,0,0,0,0,0,0,0,0,0,0,0,0,0,0,0,0,0,0,0,0,0,0,0,0,0,0,0,0,0,0,0,0,0,0,0,0,0,0,0
100,6822.37890625,1260.271240234375,487.2304992675781,1214.7418212890625,644.8588256835938,418.4471130371094,365.86767578125,2430.9619140625,19563.166015625,2013,25.6,53.8,15.4,2.8,0.2,389400,0,0,0,0,0,0,0,0,1,0,0,0,0,0,0,0,0,0,0,0,0,0,0,0,0,0,0,0,0,0,0,0,0,0,0,0,0,0,0,0,0,0,0,0,0,0,0,0,0,0
101,6929.001953125,1297.8525390625,500.2262268066406,1277.441650390625,659.85205078125,504.5281677246094,364.681640625,2324.419677734375,19860.330078125,2014,25.6,53.8,15.4,2.8,0.2,382600,0,0,0,0,0,0,0,0,1,0,0,0,0,0,0,0,0,0,0,0,0,0,0,0,0,0,0,0,0,0,0,0,0,0,0,0,0,0,0,0,0,0,0,0,0,0,0,0,0,0
102,7057.32763671875,1317.4239501953125,509.5303649902344,1332.975830078125,673.4328002929688,517.4511108398439,372.3148498535156,2334.198486328125,20224.248046875,2015,25.6,53.8,15.4,2.8,0.2,375800,0,0,0,0,0,0,0,0,1,0,0,0,0,0,0,0,0,0,0,0,0,0,0,0,0,0,0,0,0,0,0,0,0,0,0,0,0,0,0,0,0,0,0,0,0,0,0,0,0,0
103,7048.2177734375,1326.36962890625,523.4403076171875,1281.68359375,675.7946166992188,500.2290649414063,381.4692687988281,2359.2314453125,20629.982421875,2016,25.6,53.8,15.4,2.8,0.2,366000,0,0,0,0,0,0,0,0,1,0,0,0,0,0,0,0,0,0,0,0,0,0,0,0,0,0,0,0,0,0,0,0,0,0,0,0,0,0,0,0,0,0,0,0,0,0,0,0,0,0
104,6501.017578125,1709.0572509765625,631.4796142578125,1093.623291015625,666.5582885742188,327.98907470703125,236.53955078125,1835.7706298828125,9973.326171875,2013,9.6,52.6,31.1,3.9,0.2,624200,0,0,0,0,0,0,0,0,0,1,0,0,0,0,0,0,0,0,0,0,0,0,0,0,0,0,0,0,0,0,0,0,0,0,0,0,0,0,0,0,0,0,0,0,0,0,0,0,0,0
105,6502.3974609375,1728.9783935546875,608.3017578125,1121.3931884765623,679.6043701171875,340.9160461425781,238.67323303222656,1784.5306396484375,10069.0009765625,2014,9.6,52.6,31.1,3.9,0.2,579600,0,0,0,0,0,0,0,0,0,1,0,0,0,0,0,0,0,0,0,0,0,0,0,0,0,0,0,0,0,0,0,0,0,0,0,0,0,0,0,0,0,0,0,0,0,0,0,0,0,0
106,7369.662109375,1559.9610595703125,858.7623291015625,1595.4935302734375,594.5938110351562,572.203125,178.88052368164062,2009.7679443359373,4404.81689453125,2013,3.5,84.6,8.0,1.4,0.2,97600,0,0,0,0,0,0,0,0,0,0,0,0,0,0,0,0,1,0,0,0,0,0,0,0,0,0,0,0,0,0,0,0,0,0,0,0,0,0,0,0,0,0,0,0,0,0,0,0,0,0
107,7700.359375,1524.00244140625,842.4515380859375,1881.3447265625,620.2169189453125,618.613525390625,181.6627197265625,2032.0673828125,4414.48291015625,2014,3.5,84.6,8.0,1.4,0.2,103600,0,0,0,0,0,0,0,0,0,0,0,0,0,0,0,0,1,0,0,0,0,0,0,0,0,0,0,0,0,0,0,0,0,0,0,0,0,0,0,0,0,0,0,0,0,0,0,0,0,0
108,8481.5283203125,1548.553955078125,901.5838012695312,2459.8984375,673.9755249023438,659.1433715820312,174.31295776367188,2064.060302734375,4425.9990234375,2015,3.5,84.6,8.0,1.4,0.2,103700,0,0,0,0,0,0,0,0,0,0,0,0,0,0,0,0,1,0,0,0,0,0,0,0,0,0,0,0,0,0,0,0,0,0,0,0,0,0,0,0,0,0,0,0,0,0,0,0,0,0
109,8768.5283203125,1605.52490234375,985.9212036132812,2525.6064453125,735.886962890625,623.3648681640625,171.68785095214844,2120.53662109375,4438.22900390625,2016,3.5,84.6,8.0,1.4,0.2,97900,0,0,0,0,0,0,0,0,0,0,0,0,0,0,0,0,1,0,0,0,0,0,0,0,0,0,0,0,0,0,0,0,0,0,0,0,0,0,0,0,0,0,0,0,0,0,0,0,0,0
110,8799.2841796875,1631.1788330078125,657.19287109375,1581.1656494140625,1092.8056640625,540.3890991210939,322.72552490234375,2973.826171875,4624.5771484375,2013,5.2,58.5,32.1,1.8,0.5,115700,0,0,0,0,0,0,0,0,0,0,0,0,0,0,0,0,0,1,0,0,0,0,0,0,0,0,0,0,0,0,0,0,0,0,0,0,0,0,0,0,0,0,0,0,0,0,0,0,0,0
111,8661.1015625,1659.2847900390625,661.3417358398438,1746.7686767578125,1027.6820068359377,465.78594970703125,305.9501647949219,2794.2880859375,4644.2041015625,2014,5.2,58.5,32.1,1.8,0.5,113600,0,0,0,0,0,0,0,0,0,0,0,0,0,0,0,0,0,1,0,0,0,0,0,0,0,0,0,0,0,0,0,0,0,0,0,0,0,0,0,0,0,0,0,0,0,0,0,0,0,0
112,8509.0751953125,1694.577392578125,659.2457275390625,1817.36328125,762.0845947265625,489.68060302734375,327.62054443359375,2758.503173828125,4664.85107421875,2015,5.2,58.5,32.1,1.8,0.5,114600,0,0,0,0,0,0,0,0,0,0,0,0,0,0,0,0,0,1,0,0,0,0,0,0,0,0,0,0,0,0,0,0,0,0,0,0,0,0,0,0,0,0,0,0,0,0,0,0,0,0
113,8682.037109375,1695.0126953125,753.31982421875,1915.93115234375,741.403076171875,511.7218933105469,341.8158264160156,2722.832763671875,4678.21484375,2016,5.2,58.5,32.1,1.8,0.5,111000,0,0,0,0,0,0,0,0,0,0,0,0,0,0,0,0,0,1,0,0,0,0,0,0,0,0,0,0,0,0,0,0,0,0,0,0,0,0,0,0,0,0,0,0,0,0,0,0,0,0
114,7987.34765625,1441.8583984375,860.7971801757812,1814.74755859375,1334.494140625,549.6867065429689,225.36056518554688,1760.4033203125,2988.797119140625,2013,2.9,56.6,37.9,0.9,0.4,67400,0,0,0,0,0,0,0,0,0,0,0,0,0,0,0,0,0,0,0,0,0,0,0,0,1,0,0,0,0,0,0,0,0,0,0,0,0,0,0,0,0,0,0,0,0,0,0,0,0,0
115,8053.67041015625,1472.6158447265625,918.0006713867188,1819.4683837890625,1324.1668701171875,530.6834106445311,231.79953002929688,1756.935546875,2990.623046875,2014,2.9,56.6,37.9,0.9,0.4,69700,0,0,0,0,0,0,0,0,0,0,0,0,0,0,0,0,0,0,0,0,0,0,0,0,1,0,0,0,0,0,0,0,0,0,0,0,0,0,0,0,0,0,0,0,0,0,0,0,0,0
116,8393.28515625,1491.4951171875,951.76220703125,1956.379638671875,1353.0460205078125,540.059814453125,244.03677368164062,1856.5062255859373,2988.693115234375,2015,2.9,56.6,37.9,0.9,0.4,71900,0,0,0,0,0,0,0,0,0,0,0,0,0,0,0,0,0,0,0,0,0,0,0,0,1,0,0,0,0,0,0,0,0,0,0,0,0,0,0,0,0,0,0,0,0,0,0,0,0,0
117,8643.5693359375,1533.0543212890625,1061.355712890625,2068.218505859375,1428.0235595703125,559.1132202148439,253.2879943847656,1740.5157470703125,2988.298095703125,2016,2.9,56.6,37.9,0.9,0.4,65300,0,0,0,0,0,0,0,0,0,0,0,0,0,0,0,0,0,0,0,0,0,0,0,0,1,0,0,0,0,0,0,0,0,0,0,0,0,0,0,0,0,0,0,0,0,0,0,0,0,0
118,7562.11962890625,1363.521728515625,940.0475463867188,1431.5184326171875,1178.4017333984375,413.384765625,278.61709594726557,1956.62841796875,9843.5986328125,2013,9.4,63.0,21.2,2.9,1.1,156000,0,0,0,0,0,0,0,0,0,0,0,0,0,0,0,0,0,0,0,0,0,0,0,0,0,0,1,0,0,0,0,0,0,0,0,0,0,0,0,0,0,0,0,0,0,0,0,0,0,0
119,7477.244140625,1339.99072265625,933.3421630859376,1377.5941162109375,1315.56494140625,421.2588806152344,283.86077880859375,1805.6324462890625,9933.9443359375,2014,9.4,63.0,21.2,2.9,1.1,153600,0,0,0,0,0,0,0,0,0,0,0,0,0,0,0,0,0,0,0,0,0,0,0,0,0,0,1,0,0,0,0,0,0,0,0,0,0,0,0,0,0,0,0,0,0,0,0,0,0,0
120,7554.4130859375,1382.52685546875,959.376708984375,1453.329345703125,1297.5582275390625,412.55889892578125,298.4305114746094,1750.63232421875,10033.0791015625,2015,9.4,63.0,21.2,2.9,1.1,151200,0,0,0,0,0,0,0,0,0,0,0,0,0,0,0,0,0,0,0,0,0,0,0,0,0,0,1,0,0,0,0,0,0,0,0,0,0,0,0,0,0,0,0,0,0,0,0,0,0,0
121,7760.85009765625,1399.094970703125,953.9060668945312,1405.8883056640625,1497.5504150390625,426.6364135742188,301.1424255371094,1776.63134765625,10156.6787109375,2016,9.4,63.0,21.2,2.9,1.1,149300,0,0,0,0,0,0,0,0,0,0,0,0,0,0,0,0,0,0,0,0,0,0,0,0,0,0,1,0,0,0,0,0,0,0,0,0,0,0,0,0,0,0,0,0,0,0,0,0,0,0
122,7304.03466796875,1609.7711181640625,775.9557495117188,1302.883056640625,1338.8028564453125,266.2328491210937,227.3673858642578,1783.0218505859375,4764.15283203125,2013,5.7,63.6,26.8,1.5,0.2,73500,0,0,0,0,0,0,0,0,0,0,0,0,0,0,0,0,0,0,0,0,0,0,0,0,0,0,0,0,0,0,0,0,0,0,0,0,0,0,0,1,0,0,0,0,0,0,0,0,0,0
123,7671.927734375,1641.1842041015625,785.4381103515625,1414.024169921875,1433.692138671875,315.1072082519531,228.64393615722656,1853.8380126953125,4823.79296875,2014,5.7,63.6,26.8,1.5,0.2,71900,0,0,0,0,0,0,0,0,0,0,0,0,0,0,0,0,0,0,0,0,0,0,0,0,0,0,0,0,0,0,0,0,0,0,0,0,0,0,0,1,0,0,0,0,0,0,0,0,0,0
124,7991.24560546875,1681.732666015625,827.2235717773438,1558.236083984375,1478.948486328125,322.9518127441406,235.15362548828125,1886.999267578125,4892.2529296875,2015,5.7,63.6,26.8,1.5,0.2,70100,0,0,0,0,0,0,0,0,0,0,0,0,0,0,0,0,0,0,0,0,0,0,0,0,0,0,0,0,0,0,0,0,0,0,0,0,0,0,0,1,0,0,0,0,0,0,0,0,0,0
125,8219.447265625,1736.821533203125,840.5130004882812,1529.0848388671875,1575.4234619140625,372.0091857910156,249.58154296875,1916.01416015625,4958.23486328125,2016,5.7,63.6,26.8,1.5,0.2,68800,0,0,0,0,0,0,0,0,0,0,0,0,0,0,0,0,0,0,0,0,0,0,0,0,0,0,0,0,0,0,0,0,0,0,0,0,0,0,0,1,0,0,0,0,0,0,0,0,0,0
126,6510.63037109375,1372.1806640625,564.0031127929688,1594.682861328125,621.0704956054688,366.9295349121094,266.0947265625,1725.6688232421875,6493.43212890625,2013,5.4,73.9,16.6,1.8,0.2,122500,0,0,0,0,0,0,0,0,0,0,0,0,0,0,0,0,0,0,0,0,0,0,0,0,0,0,0,0,0,0,0,0,0,0,0,0,0,0,0,0,0,1,0,0,0,0,0,0,0,0
127,6584.6455078125,1408.0196533203125,577.2024536132812,1578.0235595703125,616.560791015625,363.7843322753906,272.7577514648437,1768.2967529296875,6540.826171875,2014,5.4,73.9,16.6,1.8,0.2,119900,0,0,0,0,0,0,0,0,0,0,0,0,0,0,0,0,0,0,0,0,0,0,0,0,0,0,0,0,0,0,0,0,0,0,0,0,0,0,0,0,0,1,0,0,0,0,0,0,0,0
128,6675.85546875,1395.3643798828125,593.7989501953125,1646.0369873046875,639.9035034179688,335.561279296875,274.47695922851557,1790.71337890625,6590.80810546875,2015,5.4,73.9,16.6,1.8,0.2,119900,0,0,0,0,0,0,0,0,0,0,0,0,0,0,0,0,0,0,0,0,0,0,0,0,0,0,0,0,0,0,0,0,0,0,0,0,0,0,0,0,0,1,0,0,0,0,0,0,0,0
129,6778.71923828125,1403.4876708984375,557.533935546875,1759.215576171875,682.6871948242188,335.3053894042969,272.4635009765625,1768.0257568359375,6645.01123046875,2016,5.4,73.9,16.6,1.8,0.2,119400,0,0,0,0,0,0,0,0,0,0,0,0,0,0,0,0,0,0,0,0,0,0,0,0,0,0,0,0,0,0,0,0,0,0,0,0,0,0,0,0,0,1,0,0,0,0,0,0,0,0
130,7855.8447265625,1878.417236328125,934.8238525390624,1298.22314453125,721.6556396484375,509.86767578125,261.40533447265625,2251.451904296875,8253.052734375,2013,9.3,61.7,18.8,6.4,0.2,114600,0,0,0,0,0,0,0,0,0,0,0,0,0,0,0,0,0,0,0,0,0,0,0,0,0,0,0,0,0,0,0,0,0,0,0,0,0,0,0,0,0,0,0,0,1,0,0,0,0,0
131,8022.4130859375,1932.82275390625,877.3903198242188,1329.0968017578125,765.7716064453125,541.2207641601561,269.388427734375,2306.72216796875,8312.076171875,2014,9.3,61.7,18.8,6.4,0.2,115300,0,0,0,0,0,0,0,0,0,0,0,0,0,0,0,0,0,0,0,0,0,0,0,0,0,0,0,0,0,0,0,0,0,0,0,0,0,0,0,0,0,0,0,0,1,0,0,0,0,0
132,8246.83203125,1952.547607421875,947.777099609375,1301.3177490234375,826.1541137695312,603.3455810546875,278.06167602539057,2337.628173828125,8362.9072265625,2015,9.3,61.7,18.8,6.4,0.2,114400,0,0,0,0,0,0,0,0,0,0,0,0,0,0,0,0,0,0,0,0,0,0,0,0,0,0,0,0,0,0,0,0,0,0,0,0,0,0,0,0,0,0,0,0,1,0,0,0,0,0
133,8474.5869140625,1953.107177734375,948.2177124023438,1369.5343017578125,868.6596069335938,663.4473876953125,281.5801086425781,2390.040283203125,8410.9462890625,2016,9.3,61.7,18.8,6.4,0.2,120000,0,0,0,0,0,0,0,0,0,0,0,0,0,0,0,0,0,0,0,0,0,0,0,0,0,0,0,0,0,0,0,0,0,0,0,0,0,0,0,0,0,0,0,0,1,0,0,0,0,0
134,7916.34375,1708.1536865234375,908.2979125976562,1884.4931640625,391.3180847167969,638.2071533203125,194.55810546875,2191.315673828125,1853.873046875,2013,1.3,92.0,3.9,0.8,0.1,20500,0,0,0,0,0,0,0,0,0,0,0,0,0,0,0,0,0,0,0,0,0,0,0,0,0,0,0,0,0,0,0,0,0,0,0,0,0,0,0,0,0,0,0,0,0,0,0,0,1,0
135,7972.46435546875,1713.0816650390625,892.6495971679688,2005.2879638671875,406.13214111328125,657.9923095703125,198.3712158203125,2098.94970703125,1849.467041015625,2014,1.3,92.0,3.9,0.8,0.1,19600,0,0,0,0,0,0,0,0,0,0,0,0,0,0,0,0,0,0,0,0,0,0,0,0,0,0,0,0,0,0,0,0,0,0,0,0,0,0,0,0,0,0,0,0,0,0,0,0,1,0
136,8516.423828125,1710.01513671875,901.8651733398438,2516.919677734375,384.80865478515625,597.2548217773438,202.6649475097656,2202.895751953125,1841.9959716796875,2015,1.3,92.0,3.9,0.8,0.1,20100,0,0,0,0,0,0,0,0,0,0,0,0,0,0,0,0,0,0,0,0,0,0,0,0,0,0,0,0,0,0,0,0,0,0,0,0,0,0,0,0,0,0,0,0,0,0,0,0,1,0
137,8862.685546875,1685.6405029296875,958.2315673828124,2592.86572265625,417.4367065429688,698.5404663085938,211.7700958251953,2298.200439453125,1830.928955078125,2016,1.3,92.0,3.9,0.8,0.1,20100,0,0,0,0,0,0,0,0,0,0,0,0,0,0,0,0,0,0,0,0,0,0,0,0,0,0,0,0,0,0,0,0,0,0,0,0,0,0,0,0,0,0,0,0,0,0,0,0,1,0
138,6356.2783203125,1124.1224365234377,764.6102294921875,1257.016845703125,531.8464965820311,342.0755615234375,307.97760009765625,2028.629150390625,6634.9990234375,2013,31.4,54.7,4.1,3.2,3.9,132300,0,0,0,1,0,0,0,0,0,0,0,0,0,0,0,0,0,0,0,0,0,0,0,0,0,0,0,0,0,0,0,0,0,0,0,0,0,0,0,0,0,0,0,0,0,0,0,0,0,0
139,6451.02490234375,1183.5291748046875,752.1127319335938,1322.7689208984375,588.6887817382812,303.7981262207031,303.3732604980469,1996.7540283203125,6733.83984375,2014,31.4,54.7,4.1,3.2,3.9,133600,0,0,0,1,0,0,0,0,0,0,0,0,0,0,0,0,0,0,0,0,0,0,0,0,0,0,0,0,0,0,0,0,0,0,0,0,0,0,0,0,0,0,0,0,0,0,0,0,0,0
140,6070.927734375,1131.574951171875,806.1885986328125,1479.63623046875,271.9661865234375,327.1043395996094,309.2450866699219,1745.212158203125,6833.59619140625,2015,31.4,54.7,4.1,3.2,3.9,136300,0,0,0,1,0,0,0,0,0,0,0,0,0,0,0,0,0,0,0,0,0,0,0,0,0,0,0,0,0,0,0,0,0,0,0,0,0,0,0,0,0,0,0,0,0,0,0,0,0,0
141,6601.86572265625,1128.887451171875,858.7242431640625,1862.7977294921875,270.695556640625,352.0564270019531,326.42510986328125,1802.2791748046875,6945.4521484375,2016,31.4,54.7,4.1,3.2,3.9,137500,0,0,0,1,0,0,0,0,0,0,0,0,0,0,0,0,0,0,0,0,0,0,0,0,0,0,0,0,0,0,0,0,0,0,0,0,0,0,0,0,0,0,0,0,0,0,0,0,0,0
142,8629.27734375,1658.1580810546875,1115.0806884765623,1924.4029541015625,802.2808837890625,512.50244140625,311.4609680175781,2305.39111328125,2092.7919921875,2013,48.8,37.4,1.8,1.3,8.8,34200,0,0,0,0,0,0,0,0,0,0,0,0,0,0,0,0,0,0,0,0,0,0,0,0,0,0,0,0,0,0,0,1,0,0,0,0,0,0,0,0,0,0,0,0,0,0,0,0,0,0
143,8904.1005859375,1677.9344482421875,1148.283447265625,2060.85498046875,852.096435546875,512.5501098632811,324.0000915527344,2328.380615234375,2090.342041015625,2014,48.8,37.4,1.8,1.3,8.8,32500,0,0,0,0,0,0,0,0,0,0,0,0,0,0,0,0,0,0,0,0,0,0,0,0,0,0,0,0,0,0,0,1,0,0,0,0,0,0,0,0,0,0,0,0,0,0,0,0,0,0
144,10325.048828125,1806.7779541015625,1226.9249267578125,2773.87890625,1050.9432373046877,515.5833740234375,323.9974365234375,2626.94384765625,2090.2109375,2015,48.8,37.4,1.8,1.3,8.8,25000,0,0,0,0,0,0,0,0,0,0,0,0,0,0,0,0,0,0,0,0,0,0,0,0,0,0,0,0,0,0,0,1,0,0,0,0,0,0,0,0,0,0,0,0,0,0,0,0,0,0
145,10460.955078125,1748.0380859375,1231.1326904296875,2999.68505859375,1055.7791748046877,466.765625,328.39239501953125,2631.162109375,2092.7890625,2016,48.8,37.4,1.8,1.3,8.8,30200,0,0,0,0,0,0,0,0,0,0,0,0,0,0,0,0,0,0,0,0,0,0,0,0,0,0,0,0,0,0,0,1,0,0,0,0,0,0,0,0,0,0,0,0,0,0,0,0,0,0
146,7098.8837890625,1479.6287841796875,864.0269775390625,1665.7491455078125,561.675537109375,574.9501953125,230.07652282714844,1722.7764892578125,3853.205078125,2013,10.6,65.6,7.2,2.1,7.3,67700,0,0,0,0,0,0,0,0,0,0,0,0,0,0,0,0,0,0,0,0,0,0,0,0,0,0,0,0,0,0,0,0,0,0,0,1,0,0,0,0,0,0,0,0,0,0,0,0,0,0
147,7397.00634765625,1528.41845703125,923.0232543945312,1724.36669921875,592.7198486328125,620.5761108398438,255.80328369140625,1752.0985107421875,3878.366943359375,2014,10.6,65.6,7.2,2.1,7.3,69600,0,0,0,0,0,0,0,0,0,0,0,0,0,0,0,0,0,0,0,0,0,0,0,0,0,0,0,0,0,0,0,0,0,0,0,1,0,0,0,0,0,0,0,0,0,0,0,0,0,0
148,7340.1884765625,1514.2657470703125,915.7201538085938,1707.2861328125,545.9708862304689,664.2279663085938,252.4216461181641,1740.296142578125,3909.8310546875,2015,10.6,65.6,7.2,2.1,7.3,73100,0,0,0,0,0,0,0,0,0,0,0,0,0,0,0,0,0,0,0,0,0,0,0,0,0,0,0,0,0,0,0,0,0,0,0,1,0,0,0,0,0,0,0,0,0,0,0,0,0,0
149,7466.1396484375,1503.263427734375,1027.9847412109377,1696.21044921875,564.7579345703125,660.7867431640625,261.3262939453125,1751.8099365234375,3926.76904296875,2016,10.6,65.6,7.2,2.1,7.3,74500,0,0,0,0,0,0,0,0,0,0,0,0,0,0,0,0,0,0,0,0,0,0,0,0,0,0,0,0,0,0,0,0,0,0,0,1,0,0,0,0,0,0,0,0,0,0,0,0,0,0
150,7016.45849609375,1702.9290771484375,929.2943725585938,1167.8564453125,723.8466186523438,475.5416259765625,251.4111328125,1765.579345703125,26489.46484375,2013,39.4,41.9,11.8,4.8,0.3,711900,0,0,0,0,0,0,0,0,0,0,0,0,0,0,0,0,0,0,0,0,0,0,0,0,0,0,0,0,0,0,0,0,0,0,0,0,0,0,0,0,0,0,1,0,0,0,0,0,0,0
151,7253.779296875,1760.0638427734375,1003.3333740234376,1209.5855712890625,788.4940795898438,464.5753784179688,258.8046875,1768.9222412109375,26977.142578125,2014,39.4,41.9,11.8,4.8,0.3,699300,0,0,0,0,0,0,0,0,0,0,0,0,0,0,0,0,0,0,0,0,0,0,0,0,0,0,0,0,0,0,0,0,0,0,0,0,0,0,0,0,0,0,1,0,0,0,0,0,0,0
152,7455.53955078125,1826.1373291015625,1003.840087890625,1288.58642578125,814.3274536132812,459.2089538574219,265.86672973632807,1797.572509765625,27486.814453125,2015,39.4,41.9,11.8,4.8,0.3,687300,0,0,0,0,0,0,0,0,0,0,0,0,0,0,0,0,0,0,0,0,0,0,0,0,0,0,0,0,0,0,0,0,0,0,0,0,0,0,0,0,0,0,1,0,0,0,0,0,0,0
153,7675.8525390625,1899.9466552734373,998.966064453125,1346.58984375,828.1434936523438,496.8462219238281,275.384765625,1829.9754638671875,27937.4921875,2016,39.4,41.9,11.8,4.8,0.3,681900,0,0,0,0,0,0,0,0,0,0,0,0,0,0,0,0,0,0,0,0,0,0,0,0,0,0,0,0,0,0,0,0,0,0,0,0,0,0,0,0,0,0,1,0,0,0,0,0,0,0
154,7672.6396484375,1555.3062744140625,884.6471557617188,1117.6575927734377,724.5003662109375,475.56884765625,310.43212890625,2604.52734375,5270.48193359375,2013,21.5,68.2,3.9,3.1,0.6,120700,0,0,0,0,0,1,0,0,0,0,0,0,0,0,0,0,0,0,0,0,0,0,0,0,0,0,0,0,0,0,0,0,0,0,0,0,0,0,0,0,0,0,0,0,0,0,0,0,0,0
155,8153.91357421875,1642.2845458984375,944.9389038085938,1262.9908447265625,767.6590576171875,515.475341796875,329.33868408203125,2691.226318359375,5351.2177734375,2014,21.5,68.2,3.9,3.1,0.6,119800,0,0,0,0,0,1,0,0,0,0,0,0,0,0,0,0,0,0,0,0,0,0,0,0,0,0,0,0,0,0,0,0,0,0,0,0,0,0,0,0,0,0,0,0,0,0,0,0,0,0
156,8265.4228515625,1664.953857421875,986.8036499023438,1461.7012939453125,548.49658203125,539.6016845703125,326.3094482421875,2737.555908203125,5452.10693359375,2015,21.5,68.2,3.9,3.1,0.6,120000,0,0,0,0,0,1,0,0,0,0,0,0,0,0,0,0,0,0,0,0,0,0,0,0,0,0,0,0,0,0,0,0,0,0,0,0,0,0,0,0,0,0,0,0,0,0,0,0,0,0
157,8552.4248046875,1697.873291015625,1081.8284912109377,1541.9337158203125,577.21142578125,537.8295288085939,330.1535949707031,2785.5947265625,5540.9208984375,2016,21.5,68.2,3.9,3.1,0.6,121900,0,0,0,0,0,1,0,0,0,0,0,0,0,0,0,0,0,0,0,0,0,0,0,0,0,0,0,0,0,0,0,0,0,0,0,0,0,0,0,0,0,0,0,0,0,0,0,0,0,0
158,6825.56103515625,1188.0330810546875,649.0999145507812,1503.35205078125,625.5632934570312,540.0017700195311,248.5749664306641,2070.935791015625,1611.530029296875,2013,12.4,82.0,0.6,1.3,1.1,45500,0,0,0,0,0,0,0,0,0,0,0,0,1,0,0,0,0,0,0,0,0,0,0,0,0,0,0,0,0,0,0,0,0,0,0,0,0,0,0,0,0,0,0,0,0,0,0,0,0,0
159,6775.95458984375,1201.181884765625,626.4359130859375,1517.542724609375,611.5150756835938,541.1218872070311,252.64990234375,2025.5074462890625,1631.47900390625,2014,12.4,82.0,0.6,1.3,1.1,48600,0,0,0,0,0,0,0,0,0,0,0,0,1,0,0,0,0,0,0,0,0,0,0,0,0,0,0,0,0,0,0,0,0,0,0,0,0,0,0,0,0,0,0,0,0,0,0,0,0,0
160,6814.9296875,1197.687744140625,633.513427734375,1543.58984375,621.8775024414062,534.8438720703125,244.9502716064453,2038.4669189453125,1651.52294921875,2015,12.4,82.0,0.6,1.3,1.1,48700,0,0,0,0,0,0,0,0,0,0,0,0,1,0,0,0,0,0,0,0,0,0,0,0,0,0,0,0,0,0,0,0,0,0,0,0,0,0,0,0,0,0,0,0,0,0,0,0,0,0
161,6541.7177734375,1216.1451416015625,657.9352416992188,1450.188720703125,573.3987426757812,500.2804565429688,255.96548461914062,1887.803955078125,1682.9300537109375,2016,12.4,82.0,0.6,1.3,1.1,48800,0,0,0,0,0,0,0,0,0,0,0,0,1,0,0,0,0,0,0,0,0,0,0,0,0,0,0,0,0,0,0,0,0,0,0,0,0,0,0,0,0,0,0,0,0,0,0,0,0,0
162,7785.439453125,1618.652587890625,798.92041015625,1371.2208251953125,497.0283203125,839.281982421875,294.0445861816406,2366.29052734375,1013.5640258789062,2013,3.7,86.3,0.4,0.7,5.9,14800,0,0,0,0,0,0,0,0,0,0,0,0,0,0,0,0,0,0,0,0,0,0,0,0,0,1,0,0,0,0,0,0,0,0,0,0,0,0,0,0,0,0,0,0,0,0,0,0,0,0
163,7912.2822265625,1684.1053466796875,815.9940795898438,1441.6497802734375,470.8975830078125,866.9574584960938,303.8787841796875,2328.79931640625,1021.8909912109376,2014,3.7,86.3,0.4,0.7,5.9,14500,0,0,0,0,0,0,0,0,0,0,0,0,0,0,0,0,0,0,0,0,0,0,0,0,0,1,0,0,0,0,0,0,0,0,0,0,0,0,0,0,0,0,0,0,0,0,0,0,0,0
164,8013.10986328125,1714.172607421875,836.2964477539062,1473.0340576171875,477.9995727539063,875.8897705078125,310.5745544433594,2325.143310546875,1030.5030517578123,2015,3.7,86.3,0.4,0.7,5.9,14700,0,0,0,0,0,0,0,0,0,0,0,0,0,0,0,0,0,0,0,0,0,0,0,0,0,1,0,0,0,0,0,0,0,0,0,0,0,0,0,0,0,0,0,0,0,0,0,0,0,0
165,8364.767578125,1766.992431640625,902.3781127929688,1701.1048583984375,491.05596923828125,833.8590087890625,282.79803466796875,2386.5791015625,1040.863037109375,2016,3.7,86.3,0.4,0.7,5.9,15200,0,0,0,0,0,0,0,0,0,0,0,0,0,0,0,0,0,0,0,0,0,0,0,0,0,1,0,0,0,0,0,0,0,0,0,0,0,0,0,0,0,0,0,0,0,0,0,0,0,0
166,7428.04931640625,1541.1971435546875,1232.307373046875,1138.533935546875,580.458740234375,544.7842407226561,233.9234161376953,2156.84423828125,2897.927001953125,2013,14.0,78.3,1.2,2.4,1.0,25200,0,0,0,0,0,0,0,0,0,0,0,0,0,0,0,0,0,0,0,0,0,0,0,0,0,0,0,0,0,0,0,0,0,0,0,0,0,0,0,0,0,0,0,1,0,0,0,0,0,0
167,7243.67138671875,1453.7646484375,1245.9627685546875,1170.20703125,648.9441528320312,432.9483337402344,244.80398559570312,2047.040283203125,2937.39892578125,2014,14.0,78.3,1.2,2.4,1.0,25700,0,0,0,0,0,0,0,0,0,0,0,0,0,0,0,0,0,0,0,0,0,0,0,0,0,0,0,0,0,0,0,0,0,0,0,0,0,0,0,0,0,0,0,1,0,0,0,0,0,0
168,7563.73876953125,1481.008056640625,1324.7271728515625,1201.1910400390625,702.101318359375,531.1918334960939,230.525634765625,2092.993896484375,2982.4970703125,2015,14.0,78.3,1.2,2.4,1.0,25500,0,0,0,0,0,0,0,0,0,0,0,0,0,0,0,0,0,0,0,0,0,0,0,0,0,0,0,0,0,0,0,0,0,0,0,0,0,0,0,0,0,0,0,1,0,0,0,0,0,0
169,7868.01611328125,1583.0863037109375,1446.81689453125,1237.774169921875,818.5881958007812,511.7400817871094,218.62294006347656,2051.387451171875,3042.613037109375,2016,14.0,78.3,1.2,2.4,1.0,25400,0,0,0,0,0,0,0,0,0,0,0,0,0,0,0,0,0,0,0,0,0,0,0,0,0,0,0,0,0,0,0,0,0,0,0,0,0,0,0,0,0,0,0,1,0,0,0,0,0,0
170,13848.2431640625,2850.282470703125,1259.560302734375,1396.2718505859375,2469.017578125,1272.71044921875,375.606201171875,4224.79443359375,582.1229858398438,2013,10.0,84.0,0.9,0.8,2.1,9700,0,0,0,0,0,0,0,0,0,0,0,0,0,0,0,0,0,0,0,0,0,0,0,0,0,0,0,0,0,0,0,0,0,0,0,0,0,0,0,0,0,0,0,0,0,0,0,0,0,1
171,14023.98828125,3021.87109375,1326.197998046875,1412.8328857421875,2426.342529296875,1304.2633056640625,371.1900024414063,4161.28955078125,582.5479736328125,2014,10.0,84.0,0.9,0.8,2.1,9700,0,0,0,0,0,0,0,0,0,0,0,0,0,0,0,0,0,0,0,0,0,0,0,0,0,0,0,0,0,0,0,0,0,0,0,0,0,0,0,0,0,0,0,0,0,0,0,0,0,1
172,15537.88671875,3448.742919921875,1537.2093505859375,1460.5982666015625,2785.649169921875,1365.6197509765625,399.6251831054688,4540.4423828125,584.2899780273438,2016,10.0,84.0,0.9,0.8,2.1,9400,0,0,0,0,0,0,0,0,0,0,0,0,0,0,0,0,0,0,0,0,0,0,0,0,0,0,0,0,0,0,0,0,0,0,0,0,0,0,0,0,0,0,0,0,0,0,0,0,0,1
173,9300.5009765625,1678.171875,900.2415771484375,1753.5621337890625,1015.8278198242188,476.8277893066406,394.21490478515625,3081.655517578125,38280.82421875,2013,39.1,37.0,5.5,14.4,0.4,600400,0,0,0,0,1,0,0,0,0,0,0,0,0,0,0,0,0,0,0,0,0,0,0,0,0,0,0,0,0,0,0,0,0,0,0,0,0,0,0,0,0,0,0,0,0,0,0,0,0,0
174,9618.1865234375,1715.647216796875,934.3828125,1919.9317626953125,1090.2161865234377,462.5568237304688,411.7691040039063,3083.682373046875,38625.140625,2014,39.1,37.0,5.5,14.4,0.4,589600,0,0,0,0,1,0,0,0,0,0,0,0,0,0,0,0,0,0,0,0,0,0,0,0,0,0,0,0,0,0,0,0,0,0,0,0,0,0,0,0,0,0,0,0,0,0,0,0,0,0
175,10540.2978515625,1849.7757568359373,955.0379638671876,2628.004638671875,1163.471923828125,425.1990661621094,424.4901428222656,3094.318603515625,38953.140625,2015,39.1,37.0,5.5,14.4,0.4,550600,0,0,0,0,1,0,0,0,0,0,0,0,0,0,0,0,0,0,0,0,0,0,0,0,0,0,0,0,0,0,0,0,0,0,0,0,0,0,0,0,0,0,0,0,0,0,0,0,0,0
176,11346.76171875,2002.7864990234373,1018.1790771484376,2892.85595703125,1221.152587890625,437.1363220214844,447.8005676269531,3326.8505859375,39209.12890625,2016,39.1,37.0,5.5,14.4,0.4,536100,0,0,0,0,1,0,0,0,0,0,0,0,0,0,0,0,0,0,0,0,0,0,0,0,0,0,0,0,0,0,0,0,0,0,0,0,0,0,0,0,0,0,0,0,0,0,0,0,0,0
177,6416.4345703125,1387.9588623046875,440.7167053222656,747.0003051757812,454.0150146484375,603.4951171875,392.0874938964844,2391.160888671875,2776.971923828125,2013,28.8,48.8,8.9,8.3,0.9,37500,0,0,0,0,0,0,0,0,0,0,0,0,0,0,0,0,0,0,0,0,0,0,0,0,0,0,0,0,0,0,0,0,1,0,0,0,0,0,0,0,0,0,0,0,0,0,0,0,0,0
178,6384.91796875,1410.1068115234375,466.9632568359375,840.1773681640625,461.6131591796875,438.774658203125,395.2462768554688,2372.03662109375,2819.011962890625,2014,28.8,48.8,8.9,8.3,0.9,37500,0,0,0,0,0,0,0,0,0,0,0,0,0,0,0,0,0,0,0,0,0,0,0,0,0,0,0,0,0,0,0,0,1,0,0,0,0,0,0,0,0,0,0,0,0,0,0,0,0,0
179,6823.7060546875,1436.5450439453125,511.6538391113281,1171.6968994140625,444.7708435058594,493.6503601074219,391.7427062988281,2373.64599609375,2868.666015625,2015,28.8,48.8,8.9,8.3,0.9,38300,0,0,0,0,0,0,0,0,0,0,0,0,0,0,0,0,0,0,0,0,0,0,0,0,0,0,0,0,0,0,0,0,1,0,0,0,0,0,0,0,0,0,0,0,0,0,0,0,0,0
180,6945.4921875,1447.046875,482.5592651367188,1222.3817138671875,446.4766540527344,592.6267700195312,404.4178771972656,2349.983154296875,2919.77197265625,2016,28.8,48.8,8.9,8.3,0.9,39200,0,0,0,0,0,0,0,0,0,0,0,0,0,0,0,0,0,0,0,0,0,0,0,0,0,0,0,0,0,0,0,0,1,0,0,0,0,0,0,0,0,0,0,0,0,0,0,0,0,0
181,9074.005859375,1504.2725830078125,1039.2239990234377,1612.176513671875,1040.00244140625,512.7402954101561,285.8313293457031,3079.75830078125,3922.907958984375,2013,13.1,75.6,1.8,4.3,0.9,84100,0,0,0,0,0,0,0,0,0,0,0,0,0,0,0,0,0,0,0,0,0,0,0,0,0,0,0,0,0,0,0,0,0,0,0,0,1,0,0,0,0,0,0,0,0,0,0,0,0,0
182,9648.7138671875,1549.7757568359375,1098.1578369140623,1993.6722412109373,975.2355346679688,530.7327880859375,298.0989990234375,3203.041015625,3964.10595703125,2014,13.1,75.6,1.8,4.3,0.9,82700,0,0,0,0,0,0,0,0,0,0,0,0,0,0,0,0,0,0,0,0,0,0,0,0,0,0,0,0,0,0,0,0,0,0,0,0,1,0,0,0,0,0,0,0,0,0,0,0,0,0
183,10138.7314453125,1655.6776123046875,1065.4825439453123,2471.581298828125,930.0299682617188,512.404052734375,302.7293701171875,3200.825927734375,4016.91796875,2015,13.1,75.6,1.8,4.3,0.9,82900,0,0,0,0,0,0,0,0,0,0,0,0,0,0,0,0,0,0,0,0,0,0,0,0,0,0,0,0,0,0,0,0,0,0,0,0,1,0,0,0,0,0,0,0,0,0,0,0,0,0
184,10642.423828125,1746.4443359375,1224.0931396484375,2508.63623046875,1018.1823120117188,511.48187255859375,321.53338623046875,3312.05322265625,4091.404052734375,2016,13.1,75.6,1.8,4.3,0.9,82000,0,0,0,0,0,0,0,0,0,0,0,0,0,0,0,0,0,0,0,0,0,0,0,0,0,0,0,0,0,0,0,0,0,0,0,0,1,0,0,0,0,0,0,0,0,0,0,0,0,0
185,8260.900390625,1683.30029296875,893.4449462890625,1212.268310546875,1060.162109375,594.9050903320312,251.76385498046875,2565.0556640625,6962.90576171875,2013,12.7,68.6,3.5,8.5,1.0,139200,0,0,0,0,0,0,0,0,0,0,0,0,0,0,0,0,0,0,0,0,0,0,0,0,0,0,0,0,0,0,0,0,0,0,0,0,0,0,0,0,0,0,0,0,0,0,1,0,0,0
186,8733.36328125,1765.582763671875,890.5867919921875,1400.6407470703125,1114.947998046875,585.77099609375,271.7401733398437,2704.093994140625,7052.43896484375,2014,12.7,68.6,3.5,8.5,1.0,133000,0,0,0,0,0,0,0,0,0,0,0,0,0,0,0,0,0,0,0,0,0,0,0,0,0,0,0,0,0,0,0,0,0,0,0,0,0,0,0,0,0,0,0,0,0,0,1,0,0,0
187,9251.7783203125,1849.7921142578125,917.280029296875,1612.6280517578125,1196.3778076171875,583.4658813476562,278.67745971679693,2813.55712890625,7163.54296875,2015,12.7,68.6,3.5,8.5,1.0,130600,0,0,0,0,0,0,0,0,0,0,0,0,0,0,0,0,0,0,0,0,0,0,0,0,0,0,0,0,0,0,0,0,0,0,0,0,0,0,0,0,0,0,0,0,0,0,1,0,0,0
188,9640.853515625,2039.1341552734373,973.0639038085938,1614.666259765625,1244.145751953125,579.6497192382812,287.1008605957031,2903.093017578125,7294.68017578125,2016,12.7,68.6,3.5,8.5,1.0,127000,0,0,0,0,0,0,0,0,0,0,0,0,0,0,0,0,0,0,0,0,0,0,0,0,0,0,0,0,0,0,0,0,0,0,0,0,0,0,0,0,0,0,0,0,0,0,1,0,0,0
189,18206.689453125,3367.353515625,1337.36474609375,2717.46630859375,933.1465454101562,1912.3770751953125,508.93365478515625,7430.046875,737.0449829101562,2013,7.0,60.6,2.9,6.6,14.2,14600,1,0,0,0,0,0,0,0,0,0,0,0,0,0,0,0,0,0,0,0,0,0,0,0,0,0,0,0,0,0,0,0,0,0,0,0,0,0,0,0,0,0,0,0,0,0,0,0,0,0
190,19586.48046875,3383.11474609375,1262.5318603515625,2762.00830078125,884.1054077148438,2186.65869140625,504.95648193359375,8603.10546875,736.3070068359375,2014,7.0,60.6,2.9,6.6,14.2,14600,1,0,0,0,0,0,0,0,0,0,0,0,0,0,0,0,0,0,0,0,0,0,0,0,0,0,0,0,0,0,0,0,0,0,0,0,0,0,0,0,0,0,0,0,0,0,0,0,0,0
191,20072.259765625,3594.531494140625,1173.095458984375,2729.4775390625,987.8326416015624,2160.724609375,535.6390991210939,8890.958984375,737.5469970703125,2015,7.0,60.6,2.9,6.6,14.2,13900,1,0,0,0,0,0,0,0,0,0,0,0,0,0,0,0,0,0,0,0,0,0,0,0,0,0,0,0,0,0,0,0,0,0,0,0,0,0,0,0,0,0,0,0,0,0,0,0,0,0
192,18398.3359375,3191.6025390625,1473.9786376953125,3019.365966796875,952.8768310546876,2144.518310546875,496.51788330078125,7119.474609375,741.5040283203125,2016,7.0,60.6,2.9,6.6,14.2,12900,1,0,0,0,0,0,0,0,0,0,0,0,0,0,0,0,0,0,0,0,0,0,0,0,0,0,0,0,0,0,0,0,0,0,0,0,0,0,0,0,0,0,0,0,0,0,0,0,0,0
193,8938.6435546875,1323.810546875,1001.661376953125,1550.3712158203125,768.8314819335938,490.0688781738281,272.99172973632807,3530.90869140625,1408.4530029296875,2013,10.5,21.8,1.6,37.3,0.1,28900,0,0,0,0,0,0,0,0,0,0,1,0,0,0,0,0,0,0,0,0,0,0,0,0,0,0,0,0,0,0,0,0,0,0,0,0,0,0,0,0,0,0,0,0,0,0,0,0,0,0
194,9481.1962890625,1502.6695556640625,801.2272338867188,1931.991943359375,900.9140014648438,527.2627563476561,318.8664245605469,3498.26416015625,1414.862060546875,2014,10.5,21.8,1.6,37.3,0.1,28300,0,0,0,0,0,0,0,0,0,0,1,0,0,0,0,0,0,0,0,0,0,0,0,0,0,0,0,0,0,0,0,0,0,0,0,0,0,0,0,0,0,0,0,0,0,0,0,0,0,0
195,9179.9658203125,1387.520751953125,760.8648071289062,1853.4134521484373,831.2719116210938,490.6831970214844,320.6067810058594,3535.6044921875,1422.4840087890625,2015,10.5,21.8,1.6,37.3,0.1,28300,0,0,0,0,0,0,0,0,0,0,1,0,0,0,0,0,0,0,0,0,0,0,0,0,0,0,0,0,0,0,0,0,0,0,0,0,0,0,0,0,0,0,0,0,0,0,0,0,0,0
196,9598.970703125,1486.0965576171875,777.426025390625,1989.537841796875,818.0098876953125,511.0604553222656,320.59197998046875,3696.247802734375,1428.10498046875,2016,10.5,21.8,1.6,37.3,0.1,27500,0,0,0,0,0,0,0,0,0,0,1,0,0,0,0,0,0,0,0,0,0,0,0,0,0,0,0,0,0,0,0,0,0,0,0,0,0,0,0,0,0,0,0,0,0,0,0,0,0,0
